active	manager	skill	femi	move	age	job
数値目標など表面的な取り組みが先行することにむしろ疑問を感じる	思う	思わない	ある（男性の方が優遇されている）		29	一般社員
女性が活躍できる社会の実現を大いに期待できる	思う	思う	ない	家族が一緒にいることを選び、どちらかがキャリアをあきらめることも	51	
数値目標など表面的な取り組みが先行することにむしろ疑問を感じる	思う	思う	ある（男性の方が優遇されている）		37	一般社員
一部の大企業では取り組みが進むと思うが、女性が活躍しづらい社会の本質は変わらない	既に管理職についている	わからない	ある（女性の方が優遇されている）	単身赴任などで互いのキャリアを優先する	53	課長クラス
女性が活躍できる社会に少しずつ変わっていくと感じている	思う	思う	ない	家族が一緒にいることを選び、どちらかがキャリアをあきらめることも	36	一般社員
一部の大企業では取り組みが進むと思うが、女性が活躍しづらい社会の本質は変わらない	思う	思わない	ある（男性の方が優遇されている）	単身赴任などで互いのキャリアを優先する	41	主任／係長クラス
一部の大企業では取り組みが進むと思うが、女性が活躍しづらい社会の本質は変わらない	思う	思わない	ある（男性の方が優遇されている）	単身赴任などで互いのキャリアを優先する	42	主任／係長クラス
一部の大企業では取り組みが進むと思うが、女性が活躍しづらい社会の本質は変わらない	思わない	思う	わからない	家族が一緒にいることを選び、どちらかがキャリアをあきらめることも	40	経営者
数値目標など表面的な取り組みが先行することにむしろ疑問を感じる	思う	思わない	ある（男性の方が優遇されている）	単身赴任などで互いのキャリアを優先する	30	一般社員
数値目標など表面的な取り組みが先行することにむしろ疑問を感じる	思わない	思わない	ある（男性の方が優遇されている）		27	契約社員
数値目標など表面的な取り組みが先行することにむしろ疑問を感じる	既に管理職についている	思わない	ある（男性の方が優遇されている）	単身赴任などで互いのキャリアを優先する	42	課長クラス
一部の大企業では取り組みが進むと思うが、女性が活躍しづらい社会の本質は変わらない	思う	わからない	ない		42	課長クラス
女性が活躍できる社会に少しずつ変わっていくと感じている	思わない	思わない	ない		25	一般社員
数値目標など表面的な取り組みが先行することにむしろ疑問を感じる	思わない	思う	ない	家族が一緒にいることを選び、どちらかがキャリアをあきらめることも	30	一般社員
その他	思わない	わからない	わからない		44	一般社員
女性が活躍できる社会に少しずつ変わっていくと感じている	思わない	思わない	ない		39	課長クラス
一部の大企業では取り組みが進むと思うが、女性が活躍しづらい社会の本質は変わらない	思わない	思わない	ある（男性の方が優遇されている）	その他	40	一般社員
女性が活躍できる社会に少しずつ変わっていくと感じている	思わない	思う	ない	その他	39	一般社員
女性が活躍できる社会に少しずつ変わっていくと感じている	思わない	思わない	ある（男性の方が優遇されている）	家族が一緒にいることを選び、どちらかがキャリアをあきらめることも	37	主任／係長クラス
女性が活躍できる社会に少しずつ変わっていくと感じている	思う	思わない	ある（男性の方が優遇されている）	家族が一緒にいることを選び、どちらかがキャリアをあきらめることも	42	経営者
一部の大企業では取り組みが進むと思うが、女性が活躍しづらい社会の本質は変わらない	思う	思わない	ある（男性の方が優遇されている）	家族が一緒にいることを選び、どちらかがキャリアをあきらめることも	37	一般社員
女性が活躍できる社会に少しずつ変わっていくと感じている	思う	思わない	ない	単身赴任などで互いのキャリアを優先する	42	主任／係長クラス
一部の大企業では取り組みが進むと思うが、女性が活躍しづらい社会の本質は変わらない	思う	思う	ある（男性の方が優遇されている）	家族が一緒にいることを選び、どちらかがキャリアをあきらめることも	35	主任／係長クラス
女性が活躍できる社会に少しずつ変わっていくと感じている	思う	思う	ない		34	一般社員
女性が活躍できる社会に少しずつ変わっていくと感じている	思う	わからない	ある（男性の方が優遇されている）	単身赴任などで互いのキャリアを優先する	31	一般社員
一部の大企業では取り組みが進むと思うが、女性が活躍しづらい社会の本質は変わらない	思う	思う	ない	家族が一緒にいることを選び、どちらかがキャリアをあきらめることも	32	一般社員
その他	思わない	思わない	ある（男性の方が優遇されている）		31	一般社員
一部の大企業では取り組みが進むと思うが、女性が活躍しづらい社会の本質は変わらない	思う	思う	ある（男性の方が優遇されている）		33	一般社員
一部の大企業では取り組みが進むと思うが、女性が活躍しづらい社会の本質は変わらない	思わない	わからない	ない	家族が一緒にいることを選び、どちらかがキャリアをあきらめることも	44	
一部の大企業では取り組みが進むと思うが、女性が活躍しづらい社会の本質は変わらない	思わない	思わない	ある（男性の方が優遇されている）		23	一般社員
数値目標など表面的な取り組みが先行することにむしろ疑問を感じる	思う	思う	ない	家族が一緒にいることを選び、どちらかがキャリアをあきらめることも	28	一般社員
一部の大企業では取り組みが進むと思うが、女性が活躍しづらい社会の本質は変わらない	思わない	思わない	わからない		40	派遣社員
一部の大企業では取り組みが進むと思うが、女性が活躍しづらい社会の本質は変わらない	思わない	思う	ある（男性の方が優遇されている）	単身赴任などで互いのキャリアを優先する	40	契約社員
女性が活躍できる社会に少しずつ変わっていくと感じている	思う	わからない	ない	家族が一緒にいることを選び、どちらかがキャリアをあきらめることも	38	一般社員
一部の大企業では取り組みが進むと思うが、女性が活躍しづらい社会の本質は変わらない	思わない	思う	ある（男性の方が優遇されている）		42	派遣社員
数値目標など表面的な取り組みが先行することにむしろ疑問を感じる	思う	思う	ある（男性の方が優遇されている）	家族が一緒にいることを選び、どちらかがキャリアをあきらめることも	29	一般社員
一部の大企業では取り組みが進むと思うが、女性が活躍しづらい社会の本質は変わらない	既に管理職についている	思わない	ない		31	部長クラス
数値目標など表面的な取り組みが先行することにむしろ疑問を感じる	既に管理職についている	思う	ない	その他	31	課長クラス
女性が活躍できる社会に少しずつ変わっていくと感じている	思わない	わからない	わからない		33	一般社員
女性が活躍できる社会に少しずつ変わっていくと感じている	思う	わからない	ある（女性の方が優遇されている）	単身赴任などで互いのキャリアを優先する	30	一般社員
その他	思う	思う	ある（男性の方が優遇されている）	その他	47	主任／係長クラス
女性が活躍できる社会に少しずつ変わっていくと感じている	思わない	わからない	ある（男性の方が優遇されている）	家族が一緒にいることを選び、どちらかがキャリアをあきらめることも	32	一般社員
一部の大企業では取り組みが進むと思うが、女性が活躍しづらい社会の本質は変わらない	思う	思わない	ある（男性の方が優遇されている）		31	一般社員
数値目標など表面的な取り組みが先行することにむしろ疑問を感じる	思わない	わからない	ある（男性の方が優遇されている）	その他	31	一般社員
一部の大企業では取り組みが進むと思うが、女性が活躍しづらい社会の本質は変わらない	思わない	思わない	ある（男性の方が優遇されている）	家族が一緒にいることを選び、どちらかがキャリアをあきらめることも	32	一般社員
その他	思わない	思わない	ある（男性の方が優遇されている）		47	課長クラス
一部の大企業では取り組みが進むと思うが、女性が活躍しづらい社会の本質は変わらない	思わない	わからない	ある（男性の方が優遇されている）	家族が一緒にいることを選び、どちらかがキャリアをあきらめることも	35	主任／係長クラス
一部の大企業では取り組みが進むと思うが、女性が活躍しづらい社会の本質は変わらない	既に管理職についている	思う	ある（男性の方が優遇されている）	その他	49	課長クラス
一部の大企業では取り組みが進むと思うが、女性が活躍しづらい社会の本質は変わらない	思う	わからない	ある（男性の方が優遇されている）	単身赴任などで互いのキャリアを優先する	40	一般社員
女性が活躍できる社会に少しずつ変わっていくと感じている	思わない	思う	ある（男性の方が優遇されている）	その他	47	一般社員
一部の大企業では取り組みが進むと思うが、女性が活躍しづらい社会の本質は変わらない	思う	思う	わからない	家族が一緒にいることを選び、どちらかがキャリアをあきらめることも	28	一般社員
数値目標など表面的な取り組みが先行することにむしろ疑問を感じる	思う	わからない	ある（男性の方が優遇されている）		51	一般社員
一部の大企業では取り組みが進むと思うが、女性が活躍しづらい社会の本質は変わらない	思わない	思う	ない	家族が一緒にいることを選び、どちらかがキャリアをあきらめることも	37	一般社員
数値目標など表面的な取り組みが先行することにむしろ疑問を感じる	思わない	わからない	ない		40	一般社員
数値目標など表面的な取り組みが先行することにむしろ疑問を感じる	思わない	思わない	ある（男性の方が優遇されている）	単身赴任などで互いのキャリアを優先する	44	一般社員
数値目標など表面的な取り組みが先行することにむしろ疑問を感じる	既に管理職についている	思わない	ない	単身赴任などで互いのキャリアを優先する	51	課長クラス
数値目標など表面的な取り組みが先行することにむしろ疑問を感じる	思わない	わからない	わからない		41	一般社員
一部の大企業では取り組みが進むと思うが、女性が活躍しづらい社会の本質は変わらない	思う	思わない	ない		37	主任／係長クラス
数値目標など表面的な取り組みが先行することにむしろ疑問を感じる	思う	わからない	ある（男性の方が優遇されている）	その他	34	主任／係長クラス
女性が活躍できる社会に少しずつ変わっていくと感じている	思わない	わからない	わからない	家族が一緒にいることを選び、どちらかがキャリアをあきらめることも	47	主任／係長クラス
一部の大企業では取り組みが進むと思うが、女性が活躍しづらい社会の本質は変わらない	思う	思う	ある（男性の方が優遇されている）	単身赴任などで互いのキャリアを優先する	40	一般社員
女性が活躍できる社会に少しずつ変わっていくと感じている	既に管理職についている	思う	ない	家族が一緒にいることを選び、どちらかがキャリアをあきらめることも	42	課長クラス
女性が活躍できる社会に少しずつ変わっていくと感じている	既に管理職についている	思う	ある（男性の方が優遇されている）	家族が一緒にいることを選び、どちらかがキャリアをあきらめることも	44	課長クラス
一部の大企業では取り組みが進むと思うが、女性が活躍しづらい社会の本質は変わらない	思う	思わない	ある（男性の方が優遇されている）	その他	33	一般社員
女性が活躍できる社会の実現を大いに期待できる	思う	思わない	ある（男性の方が優遇されている）	単身赴任などで互いのキャリアを優先する	41	契約社員
女性が活躍できる社会に少しずつ変わっていくと感じている	既に管理職についている	思う	ない		60	経営者
一部の大企業では取り組みが進むと思うが、女性が活躍しづらい社会の本質は変わらない	思う	思う	ある（男性の方が優遇されている）	単身赴任などで互いのキャリアを優先する	38	一般社員
一部の大企業では取り組みが進むと思うが、女性が活躍しづらい社会の本質は変わらない	思う	わからない	ない	家族が一緒にいることを選び、どちらかがキャリアをあきらめることも	35	一般社員
女性が活躍できる社会に少しずつ変わっていくと感じている	思う	思う	ない	単身赴任などで互いのキャリアを優先する	50	役員クラス
女性が活躍できる社会に少しずつ変わっていくと感じている	思う	わからない	ある（男性の方が優遇されている）	家族が一緒にいることを選び、どちらかがキャリアをあきらめることも	28	一般社員
一部の大企業では取り組みが進むと思うが、女性が活躍しづらい社会の本質は変わらない	既に管理職についている	思う	わからない	その他	41	経営者
一部の大企業では取り組みが進むと思うが、女性が活躍しづらい社会の本質は変わらない	思わない	思わない	ない	その他	42	一般社員
一部の大企業では取り組みが進むと思うが、女性が活躍しづらい社会の本質は変わらない	思わない	思う	ある（男性の方が優遇されている）		43	一般社員
女性が活躍できる社会の実現を大いに期待できる	思う	思う	ない	単身赴任などで互いのキャリアを優先する	38	主任／係長クラス
一部の大企業では取り組みが進むと思うが、女性が活躍しづらい社会の本質は変わらない	思わない	思う	ない		25	一般社員
一部の大企業では取り組みが進むと思うが、女性が活躍しづらい社会の本質は変わらない	思わない	わからない	わからない		28	一般社員
一部の大企業では取り組みが進むと思うが、女性が活躍しづらい社会の本質は変わらない	思う	思わない	ない	その他	29	主任／係長クラス
専業主婦のような生き方の選択肢を狭めてしまう可能性がある	思わない	わからない	ない	単身赴任などで互いのキャリアを優先する	38	
数値目標など表面的な取り組みが先行することにむしろ疑問を感じる	思わない	思う	ある（男性の方が優遇されている）	家族が一緒にいることを選び、どちらかがキャリアをあきらめることも	46	一般社員
女性が活躍できる社会に少しずつ変わっていくと感じている	思わない	思う	ない	単身赴任などで互いのキャリアを優先する	29	一般社員
数値目標など表面的な取り組みが先行することにむしろ疑問を感じる	既に管理職についている	わからない	ない	単身赴任などで互いのキャリアを優先する	36	役員クラス
一部の大企業では取り組みが進むと思うが、女性が活躍しづらい社会の本質は変わらない	思わない	思わない	ある（男性の方が優遇されている）		35	派遣社員
数値目標など表面的な取り組みが先行することにむしろ疑問を感じる	思わない	思う	ない	家族が一緒にいることを選び、どちらかがキャリアをあきらめることも	31	一般社員
数値目標など表面的な取り組みが先行することにむしろ疑問を感じる	思わない	思う	ない	その他	39	一般社員
数値目標など表面的な取り組みが先行することにむしろ疑問を感じる	思う	わからない	ある（男性の方が優遇されている）	家族が一緒にいることを選び、どちらかがキャリアをあきらめることも	41	主任／係長クラス
その他	思わない	思う	わからない	単身赴任などで互いのキャリアを優先する	35	一般社員
女性が活躍できる社会に少しずつ変わっていくと感じている	思う	思う	ある（男性の方が優遇されている）	単身赴任などで互いのキャリアを優先する	37	主任／係長クラス
女性が活躍できる社会に少しずつ変わっていくと感じている	思わない	思わない	ある（男性の方が優遇されている）	単身赴任などで互いのキャリアを優先する	32	一般社員
女性が活躍できる社会に少しずつ変わっていくと感じている	思う	わからない	ない	家族が一緒にいることを選び、どちらかがキャリアをあきらめることも	32	一般社員
数値目標など表面的な取り組みが先行することにむしろ疑問を感じる	思う	わからない	ない	その他	57	主任／係長クラス
女性が活躍できる社会に少しずつ変わっていくと感じている	既に管理職についている	思う	ない		43	部長クラス
一部の大企業では取り組みが進むと思うが、女性が活躍しづらい社会の本質は変わらない	思う	思わない	ある（男性の方が優遇されている）	家族が一緒にいることを選び、どちらかがキャリアをあきらめることも	53	一般社員
一部の大企業では取り組みが進むと思うが、女性が活躍しづらい社会の本質は変わらない	思わない	わからない	わからない	家族が一緒にいることを選び、どちらかがキャリアをあきらめることも	38	一般社員
一部の大企業では取り組みが進むと思うが、女性が活躍しづらい社会の本質は変わらない	思わない	思わない	ある（男性の方が優遇されている）		44	その他
その他	既に管理職についている	思う	ある（女性の方が優遇されている）		39	経営者
数値目標など表面的な取り組みが先行することにむしろ疑問を感じる	思う	思わない	ある（男性の方が優遇されている）	単身赴任などで互いのキャリアを優先する	43	一般社員
数値目標など表面的な取り組みが先行することにむしろ疑問を感じる	既に管理職についている	思う	わからない	家族が一緒にいることを選び、どちらかがキャリアをあきらめることも	45	課長クラス
一部の大企業では取り組みが進むと思うが、女性が活躍しづらい社会の本質は変わらない	思わない	わからない	ない	家族が一緒にいることを選び、どちらかがキャリアをあきらめることも	32	一般社員
数値目標など表面的な取り組みが先行することにむしろ疑問を感じる	思わない	思う	ある（男性の方が優遇されている）	家族が一緒にいることを選び、どちらかがキャリアをあきらめることも	52	一般社員
一部の大企業では取り組みが進むと思うが、女性が活躍しづらい社会の本質は変わらない	思わない	思う	ない	単身赴任などで互いのキャリアを優先する	57	主任／係長クラス
一部の大企業では取り組みが進むと思うが、女性が活躍しづらい社会の本質は変わらない	思わない	わからない	ない		44	
一部の大企業では取り組みが進むと思うが、女性が活躍しづらい社会の本質は変わらない	思わない	思わない	わからない		37	一般社員
一部の大企業では取り組みが進むと思うが、女性が活躍しづらい社会の本質は変わらない	既に管理職についている	思わない	ある（男性の方が優遇されている）	単身赴任などで互いのキャリアを優先する	47	一般社員
数値目標など表面的な取り組みが先行することにむしろ疑問を感じる	思う	わからない	わからない	家族が一緒にいることを選び、どちらかがキャリアをあきらめることも	29	一般社員
数値目標など表面的な取り組みが先行することにむしろ疑問を感じる	思う	思わない	わからない		36	契約社員
一部の大企業では取り組みが進むと思うが、女性が活躍しづらい社会の本質は変わらない	思わない	思う	ない	単身赴任などで互いのキャリアを優先する	32	その他
女性が活躍できる社会に少しずつ変わっていくと感じている	思う	思う	ある（男性の方が優遇されている）		32	一般社員
数値目標など表面的な取り組みが先行することにむしろ疑問を感じる	思う	思わない	ある（男性の方が優遇されている）	その他	56	一般社員
一部の大企業では取り組みが進むと思うが、女性が活躍しづらい社会の本質は変わらない	思わない	思う	わからない	家族が一緒にいることを選び、どちらかがキャリアをあきらめることも	43	その他
女性が活躍できる社会に少しずつ変わっていくと感じている	思う	思う	ある（男性の方が優遇されている）	単身赴任などで互いのキャリアを優先する	34	一般社員
一部の大企業では取り組みが進むと思うが、女性が活躍しづらい社会の本質は変わらない	既に管理職についている	思わない	ある（男性の方が優遇されている）	単身赴任などで互いのキャリアを優先する	43	課長クラス
一部の大企業では取り組みが進むと思うが、女性が活躍しづらい社会の本質は変わらない	思う	思わない	ある（男性の方が優遇されている）	家族が一緒にいることを選び、どちらかがキャリアをあきらめることも	31	一般社員
一部の大企業では取り組みが進むと思うが、女性が活躍しづらい社会の本質は変わらない	思う	思う	ない	その他	56	主任／係長クラス
数値目標など表面的な取り組みが先行することにむしろ疑問を感じる	思わない	わからない	ない	家族が一緒にいることを選び、どちらかがキャリアをあきらめることも	32	主任／係長クラス
女性が活躍できる社会に少しずつ変わっていくと感じている	思う	思う	ある（男性の方が優遇されている）		29	一般社員
女性が活躍できる社会に少しずつ変わっていくと感じている	思わない	思う	わからない		49	一般社員
女性が活躍できる社会に少しずつ変わっていくと感じている	既に管理職についている	わからない	ない	家族が一緒にいることを選び、どちらかがキャリアをあきらめることも	39	課長クラス
女性が活躍できる社会に少しずつ変わっていくと感じている	思わない	思わない	ない		23	一般社員
数値目標など表面的な取り組みが先行することにむしろ疑問を感じる	思う	思う	ある（男性の方が優遇されている）		34	一般社員
一部の大企業では取り組みが進むと思うが、女性が活躍しづらい社会の本質は変わらない	思う	思わない	わからない	家族が一緒にいることを選び、どちらかがキャリアをあきらめることも	38	その他
数値目標など表面的な取り組みが先行することにむしろ疑問を感じる	思う	思わない	ない	単身赴任などで互いのキャリアを優先する	35	主任／係長クラス
一部の大企業では取り組みが進むと思うが、女性が活躍しづらい社会の本質は変わらない	思わない	思わない	ある（男性の方が優遇されている）		43	一般社員
女性が活躍できる社会に少しずつ変わっていくと感じている	思う	思わない	ない		26	一般社員
一部の大企業では取り組みが進むと思うが、女性が活躍しづらい社会の本質は変わらない	既に管理職についている	思わない	ある（女性の方が優遇されている）	家族が一緒にいることを選び、どちらかがキャリアをあきらめることも	36	その他
女性が活躍できる社会に少しずつ変わっていくと感じている	思う	わからない	ある（男性の方が優遇されている）		33	主任／係長クラス
その他	既に管理職についている	思う	ある（男性の方が優遇されている）	その他	47	課長クラス
数値目標など表面的な取り組みが先行することにむしろ疑問を感じる	既に管理職についている	思わない	ある（男性の方が優遇されている）		45	課長クラス
一部の大企業では取り組みが進むと思うが、女性が活躍しづらい社会の本質は変わらない	既に管理職についている	思う	ない	家族が一緒にいることを選び、どちらかがキャリアをあきらめることも	43	役員クラス
一部の大企業では取り組みが進むと思うが、女性が活躍しづらい社会の本質は変わらない	思う	思わない	ない	家族が一緒にいることを選び、どちらかがキャリアをあきらめることも	29	一般社員
数値目標など表面的な取り組みが先行することにむしろ疑問を感じる	思わない	思う	ない	家族が一緒にいることを選び、どちらかがキャリアをあきらめることも	31	一般社員
女性が活躍できる社会に少しずつ変わっていくと感じている	思う	わからない	ある（男性の方が優遇されている）	単身赴任などで互いのキャリアを優先する	44	主任／係長クラス
女性が活躍できる社会に少しずつ変わっていくと感じている	思わない	わからない	わからない		32	
数値目標など表面的な取り組みが先行することにむしろ疑問を感じる	思う	思わない	ある（男性の方が優遇されている）	家族が一緒にいることを選び、どちらかがキャリアをあきらめることも	46	一般社員
一部の大企業では取り組みが進むと思うが、女性が活躍しづらい社会の本質は変わらない	思わない	思わない	ある（男性の方が優遇されている）	家族が一緒にいることを選び、どちらかがキャリアをあきらめることも	30	一般社員
一部の大企業では取り組みが進むと思うが、女性が活躍しづらい社会の本質は変わらない	思わない	思う	ある（男性の方が優遇されている）	家族が一緒にいることを選び、どちらかがキャリアをあきらめることも	26	一般社員
女性が活躍できる社会に少しずつ変わっていくと感じている	思う	思う	ある（男性の方が優遇されている）	家族が一緒にいることを選び、どちらかがキャリアをあきらめることも	41	主任／係長クラス
一部の大企業では取り組みが進むと思うが、女性が活躍しづらい社会の本質は変わらない	思わない	思う	わからない		35	一般社員
一部の大企業では取り組みが進むと思うが、女性が活躍しづらい社会の本質は変わらない	既に管理職についている	思う	わからない		41	課長クラス
女性を積極的に登用する取り組みがかえって日本経済の生産性を下げると感じる	思う	わからない	ある（男性の方が優遇されている）		25	一般社員
女性が活躍できる社会の実現を大いに期待できる	思う	思う	ない	家族が一緒にいることを選び、どちらかがキャリアをあきらめることも	54	課長クラス
一部の大企業では取り組みが進むと思うが、女性が活躍しづらい社会の本質は変わらない	思わない	思わない	ある（男性の方が優遇されている）	家族が一緒にいることを選び、どちらかがキャリアをあきらめることも	62	その他
一部の大企業では取り組みが進むと思うが、女性が活躍しづらい社会の本質は変わらない	既に管理職についている	思う	ある（女性の方が優遇されている）	その他	50	課長クラス
女性が活躍できる社会に少しずつ変わっていくと感じている	思う	思う	ある（男性の方が優遇されている）	家族が一緒にいることを選び、どちらかがキャリアをあきらめることも	34	一般社員
一部の大企業では取り組みが進むと思うが、女性が活躍しづらい社会の本質は変わらない	思わない	思わない	ない		31	一般社員
数値目標など表面的な取り組みが先行することにむしろ疑問を感じる	思う	思わない	ない		31	一般社員
数値目標など表面的な取り組みが先行することにむしろ疑問を感じる	思わない	わからない	わからない	単身赴任などで互いのキャリアを優先する	44	一般社員
女性が活躍できる社会に少しずつ変わっていくと感じている	思う	わからない	ない		33	契約社員
女性が活躍できる社会に少しずつ変わっていくと感じている	思う	わからない	ある（女性の方が優遇されている）		29	一般社員
女性が活躍できる社会に少しずつ変わっていくと感じている	思う	思う	わからない	家族が一緒にいることを選び、どちらかがキャリアをあきらめることも	45	一般社員
一部の大企業では取り組みが進むと思うが、女性が活躍しづらい社会の本質は変わらない	思う	思わない	ある（男性の方が優遇されている）		26	一般社員
一部の大企業では取り組みが進むと思うが、女性が活躍しづらい社会の本質は変わらない	思う	思わない	ある（男性の方が優遇されている）		35	一般社員
一部の大企業では取り組みが進むと思うが、女性が活躍しづらい社会の本質は変わらない	思わない	思う	ある（男性の方が優遇されている）	単身赴任などで互いのキャリアを優先する	32	一般社員
数値目標など表面的な取り組みが先行することにむしろ疑問を感じる	思う	思う	ない		31	一般社員
一部の大企業では取り組みが進むと思うが、女性が活躍しづらい社会の本質は変わらない	思う	思う	ある（男性の方が優遇されている）	家族が一緒にいることを選び、どちらかがキャリアをあきらめることも	43	主任／係長クラス
女性が活躍できる社会に少しずつ変わっていくと感じている	思わない	思う	わからない	家族が一緒にいることを選び、どちらかがキャリアをあきらめることも	31	一般社員
女性が活躍できる社会に少しずつ変わっていくと感じている	既に管理職についている	思う	ある（男性の方が優遇されている）	家族が一緒にいることを選び、どちらかがキャリアをあきらめることも	43	課長クラス
一部の大企業では取り組みが進むと思うが、女性が活躍しづらい社会の本質は変わらない	思う	思わない	ない	その他	46	契約社員
女性が活躍できる社会に少しずつ変わっていくと感じている	思う	思う	ある（男性の方が優遇されている）	単身赴任などで互いのキャリアを優先する	52	一般社員
一部の大企業では取り組みが進むと思うが、女性が活躍しづらい社会の本質は変わらない	思う	わからない	ある（男性の方が優遇されている）		51	その他
数値目標など表面的な取り組みが先行することにむしろ疑問を感じる	思う	思う	ある（女性の方が優遇されている）		29	一般社員
一部の大企業では取り組みが進むと思うが、女性が活躍しづらい社会の本質は変わらない	思う	思う	ある（男性の方が優遇されている）	家族が一緒にいることを選び、どちらかがキャリアをあきらめることも	32	主任／係長クラス
数値目標など表面的な取り組みが先行することにむしろ疑問を感じる	思う	思わない	ある（男性の方が優遇されている）	単身赴任などで互いのキャリアを優先する	32	主任／係長クラス
一部の大企業では取り組みが進むと思うが、女性が活躍しづらい社会の本質は変わらない	既に管理職についている	わからない	わからない		47	課長クラス
女性が活躍できる社会に少しずつ変わっていくと感じている	思わない	思わない	ない	家族が一緒にいることを選び、どちらかがキャリアをあきらめることも	33	派遣社員
一部の大企業では取り組みが進むと思うが、女性が活躍しづらい社会の本質は変わらない	思う	思う	ある（男性の方が優遇されている）	その他	45	一般社員
一部の大企業では取り組みが進むと思うが、女性が活躍しづらい社会の本質は変わらない	思う	思う	わからない	家族が一緒にいることを選び、どちらかがキャリアをあきらめることも	38	主任／係長クラス
女性が活躍できる社会に少しずつ変わっていくと感じている	思わない	思う	ある（女性の方が優遇されている）		37	課長クラス
一部の大企業では取り組みが進むと思うが、女性が活躍しづらい社会の本質は変わらない	思わない	わからない	ある（男性の方が優遇されている）	家族が一緒にいることを選び、どちらかがキャリアをあきらめることも	38	主任／係長クラス
女性が活躍できる社会に少しずつ変わっていくと感じている	思わない	思う	わからない	家族が一緒にいることを選び、どちらかがキャリアをあきらめることも	35	一般社員
女性が活躍できる社会に少しずつ変わっていくと感じている	思わない	思う	ある（男性の方が優遇されている）	その他	57	その他
一部の大企業では取り組みが進むと思うが、女性が活躍しづらい社会の本質は変わらない	思わない	わからない	ある（男性の方が優遇されている）	家族が一緒にいることを選び、どちらかがキャリアをあきらめることも	36	一般社員
女性が活躍できる社会に少しずつ変わっていくと感じている	思う	わからない	ある（男性の方が優遇されている）		28	一般社員
一部の大企業では取り組みが進むと思うが、女性が活躍しづらい社会の本質は変わらない	既に管理職についている	思う	ない	単身赴任などで互いのキャリアを優先する	40	課長クラス
専業主婦のような生き方の選択肢を狭めてしまう可能性がある	思わない	思わない	ない	その他	31	その他
一部の大企業では取り組みが進むと思うが、女性が活躍しづらい社会の本質は変わらない	思わない	思う	ない	家族が一緒にいることを選び、どちらかがキャリアをあきらめることも	28	一般社員
女性が活躍できる社会に少しずつ変わっていくと感じている	思う	思わない	わからない	単身赴任などで互いのキャリアを優先する	31	一般社員
一部の大企業では取り組みが進むと思うが、女性が活躍しづらい社会の本質は変わらない	思わない	思わない	ある（男性の方が優遇されている）	家族が一緒にいることを選び、どちらかがキャリアをあきらめることも	50	一般社員
数値目標など表面的な取り組みが先行することにむしろ疑問を感じる	思わない	思う	ない	家族が一緒にいることを選び、どちらかがキャリアをあきらめることも	42	課長クラス
女性が活躍できる社会に少しずつ変わっていくと感じている	既に管理職についている	思う	ない	単身赴任などで互いのキャリアを優先する	42	課長クラス
専業主婦のような生き方の選択肢を狭めてしまう可能性がある	思わない	思わない	ある（男性の方が優遇されている）		39	一般社員
数値目標など表面的な取り組みが先行することにむしろ疑問を感じる	思う	思わない	ある（男性の方が優遇されている）	単身赴任などで互いのキャリアを優先する	34	一般社員
女性が活躍できる社会の実現を大いに期待できる	思う	思う	ない		21	
数値目標など表面的な取り組みが先行することにむしろ疑問を感じる	思う	わからない	ない	単身赴任などで互いのキャリアを優先する	37	主任／係長クラス
一部の大企業では取り組みが進むと思うが、女性が活躍しづらい社会の本質は変わらない	思わない	思わない	ある（男性の方が優遇されている）	家族が一緒にいることを選び、どちらかがキャリアをあきらめることも	41	一般社員
その他	思わない	思う	ある（男性の方が優遇されている）	家族が一緒にいることを選び、どちらかがキャリアをあきらめることも	32	一般社員
一部の大企業では取り組みが進むと思うが、女性が活躍しづらい社会の本質は変わらない	思わない	思わない	ない	家族が一緒にいることを選び、どちらかがキャリアをあきらめることも	39	一般社員
女性が活躍できる社会に少しずつ変わっていくと感じている	既に管理職についている	思う	ない		38	課長クラス
一部の大企業では取り組みが進むと思うが、女性が活躍しづらい社会の本質は変わらない	思わない	わからない	わからない	その他	36	一般社員
女性が活躍できる社会に少しずつ変わっていくと感じている	既に管理職についている	思わない	ある（男性の方が優遇されている）	家族が一緒にいることを選び、どちらかがキャリアをあきらめることも	42	課長クラス
数値目標など表面的な取り組みが先行することにむしろ疑問を感じる	思う	思わない	ある（男性の方が優遇されている）	家族が一緒にいることを選び、どちらかがキャリアをあきらめることも	36	一般社員
数値目標など表面的な取り組みが先行することにむしろ疑問を感じる	既に管理職についている	思わない	ある（男性の方が優遇されている）		47	課長クラス
数値目標など表面的な取り組みが先行することにむしろ疑問を感じる	思う	思う	ある（男性の方が優遇されている）	家族が一緒にいることを選び、どちらかがキャリアをあきらめることも	37	主任／係長クラス
一部の大企業では取り組みが進むと思うが、女性が活躍しづらい社会の本質は変わらない	思う	思わない	ある（男性の方が優遇されている）	単身赴任などで互いのキャリアを優先する	38	主任／係長クラス
専業主婦のような生き方の選択肢を狭めてしまう可能性がある	思わない	わからない	ない	家族が一緒にいることを選び、どちらかがキャリアをあきらめることも	39	
女性を積極的に登用する取り組みがかえって日本経済の生産性を下げると感じる	思わない	思う	ない		34	一般社員
女性が活躍できる社会に少しずつ変わっていくと感じている	既に管理職についている	わからない	ある（男性の方が優遇されている）	その他	45	役員クラス
女性が活躍できる社会に少しずつ変わっていくと感じている	思わない	思わない	ある（男性の方が優遇されている）	単身赴任などで互いのキャリアを優先する	38	一般社員
数値目標など表面的な取り組みが先行することにむしろ疑問を感じる	思わない	思わない	ない	単身赴任などで互いのキャリアを優先する	68	その他
女性を積極的に登用する取り組みがかえって日本経済の生産性を下げると感じる	思わない	思う	ない		37	一般社員
一部の大企業では取り組みが進むと思うが、女性が活躍しづらい社会の本質は変わらない	思わない	思わない	ある（男性の方が優遇されている）	家族が一緒にいることを選び、どちらかがキャリアをあきらめることも	34	一般社員
数値目標など表面的な取り組みが先行することにむしろ疑問を感じる	思わない	わからない	ある（男性の方が優遇されている）		43	契約社員
女性が活躍できる社会に少しずつ変わっていくと感じている	思う	思わない	ある（男性の方が優遇されている）	単身赴任などで互いのキャリアを優先する	47	主任／係長クラス
女性が活躍できる社会の実現を大いに期待できる	既に管理職についている	思う	ない		45	本部長クラス
数値目標など表面的な取り組みが先行することにむしろ疑問を感じる	既に管理職についている	思わない	ない		35	部長クラス
女性が活躍できる社会に少しずつ変わっていくと感じている	思う	わからない	ない	単身赴任などで互いのキャリアを優先する	30	一般社員
女性が活躍できる社会に少しずつ変わっていくと感じている	思う	思わない	ある（男性の方が優遇されている）	その他	57	主任／係長クラス
一部の大企業では取り組みが進むと思うが、女性が活躍しづらい社会の本質は変わらない	既に管理職についている	思う	ない	その他	40	主任／係長クラス
数値目標など表面的な取り組みが先行することにむしろ疑問を感じる	思わない	思わない	ない	単身赴任などで互いのキャリアを優先する	38	一般社員
一部の大企業では取り組みが進むと思うが、女性が活躍しづらい社会の本質は変わらない	思わない	思わない	わからない	その他	33	一般社員
一部の大企業では取り組みが進むと思うが、女性が活躍しづらい社会の本質は変わらない	思わない	思う	ある（男性の方が優遇されている）	単身赴任などで互いのキャリアを優先する	47	一般社員
女性が活躍できる社会の実現を大いに期待できる	既に管理職についている	思う	ない	単身赴任などで互いのキャリアを優先する	51	
一部の大企業では取り組みが進むと思うが、女性が活躍しづらい社会の本質は変わらない	思う	思わない	ある（男性の方が優遇されている）		30	一般社員
一部の大企業では取り組みが進むと思うが、女性が活躍しづらい社会の本質は変わらない	思わない	わからない	ない	単身赴任などで互いのキャリアを優先する	36	一般社員
数値目標など表面的な取り組みが先行することにむしろ疑問を感じる	思う	思う	ない	単身赴任などで互いのキャリアを優先する	31	一般社員
女性が活躍できる社会に少しずつ変わっていくと感じている	思わない	思う	ある（男性の方が優遇されている）	家族が一緒にいることを選び、どちらかがキャリアをあきらめることも	49	一般社員
一部の大企業では取り組みが進むと思うが、女性が活躍しづらい社会の本質は変わらない	思わない	思わない	ある（男性の方が優遇されている）	家族が一緒にいることを選び、どちらかがキャリアをあきらめることも	33	一般社員
一部の大企業では取り組みが進むと思うが、女性が活躍しづらい社会の本質は変わらない	既に管理職についている	思わない	ある（男性の方が優遇されている）	家族が一緒にいることを選び、どちらかがキャリアをあきらめることも	50	主任／係長クラス
一部の大企業では取り組みが進むと思うが、女性が活躍しづらい社会の本質は変わらない	思う	思わない	ある（男性の方が優遇されている）	家族が一緒にいることを選び、どちらかがキャリアをあきらめることも	31	一般社員
一部の大企業では取り組みが進むと思うが、女性が活躍しづらい社会の本質は変わらない	思わない	わからない	ない		37	一般社員
数値目標など表面的な取り組みが先行することにむしろ疑問を感じる	思う	思う	わからない	家族が一緒にいることを選び、どちらかがキャリアをあきらめることも	31	一般社員
女性が活躍できる社会に少しずつ変わっていくと感じている	思う	思わない	ない		32	一般社員
数値目標など表面的な取り組みが先行することにむしろ疑問を感じる	思う	思わない	ある（男性の方が優遇されている）	家族が一緒にいることを選び、どちらかがキャリアをあきらめることも	35	一般社員
数値目標など表面的な取り組みが先行することにむしろ疑問を感じる	思わない	わからない	わからない	その他	39	一般社員
一部の大企業では取り組みが進むと思うが、女性が活躍しづらい社会の本質は変わらない	思わない	思う	わからない	単身赴任などで互いのキャリアを優先する	36	一般社員
一部の大企業では取り組みが進むと思うが、女性が活躍しづらい社会の本質は変わらない	思わない	思わない	ある（男性の方が優遇されている）	家族が一緒にいることを選び、どちらかがキャリアをあきらめることも	42	主任／係長クラス
女性が活躍できる社会に少しずつ変わっていくと感じている	思う	思わない	ない	その他	38	一般社員
数値目標など表面的な取り組みが先行することにむしろ疑問を感じる	思わない	思わない	ある（男性の方が優遇されている）	家族が一緒にいることを選び、どちらかがキャリアをあきらめることも	41	契約社員
数値目標など表面的な取り組みが先行することにむしろ疑問を感じる	思わない	思わない	ない	単身赴任などで互いのキャリアを優先する	40	主任／係長クラス
一部の大企業では取り組みが進むと思うが、女性が活躍しづらい社会の本質は変わらない	思う	わからない	ある（男性の方が優遇されている）	単身赴任などで互いのキャリアを優先する	41	一般社員
女性が活躍できる社会に少しずつ変わっていくと感じている	思う	思わない	ない	家族が一緒にいることを選び、どちらかがキャリアをあきらめることも	37	主任／係長クラス
女性が活躍できる社会に少しずつ変わっていくと感じている	既に管理職についている	思う	ある（男性の方が優遇されている）	単身赴任などで互いのキャリアを優先する	34	課長クラス
一部の大企業では取り組みが進むと思うが、女性が活躍しづらい社会の本質は変わらない	思う	わからない	ある（男性の方が優遇されている）	家族が一緒にいることを選び、どちらかがキャリアをあきらめることも	32	一般社員
一部の大企業では取り組みが進むと思うが、女性が活躍しづらい社会の本質は変わらない	思わない	思わない	ある（男性の方が優遇されている）	家族が一緒にいることを選び、どちらかがキャリアをあきらめることも	37	一般社員
一部の大企業では取り組みが進むと思うが、女性が活躍しづらい社会の本質は変わらない	思う	思う	ある（男性の方が優遇されている）	家族が一緒にいることを選び、どちらかがキャリアをあきらめることも	35	一般社員
女性が活躍できる社会に少しずつ変わっていくと感じている	思う	思う	ある（男性の方が優遇されている）	家族が一緒にいることを選び、どちらかがキャリアをあきらめることも	40	一般社員
一部の大企業では取り組みが進むと思うが、女性が活躍しづらい社会の本質は変わらない	既に管理職についている	わからない	ない	家族が一緒にいることを選び、どちらかがキャリアをあきらめることも	35	主任／係長クラス
女性が活躍できる社会の実現を大いに期待できる	思う	思う	ある（男性の方が優遇されている）		32	一般社員
女性が活躍できる社会に少しずつ変わっていくと感じている	既に管理職についている	思わない	ある（男性の方が優遇されている）	単身赴任などで互いのキャリアを優先する	47	課長クラス
一部の大企業では取り組みが進むと思うが、女性が活躍しづらい社会の本質は変わらない	思わない	思わない	わからない	家族が一緒にいることを選び、どちらかがキャリアをあきらめることも	34	派遣社員
女性が活躍できる社会の実現を大いに期待できる	思う	思う	ない	家族が一緒にいることを選び、どちらかがキャリアをあきらめることも	35	一般社員
一部の大企業では取り組みが進むと思うが、女性が活躍しづらい社会の本質は変わらない	既に管理職についている	わからない	ない		36	主任／係長クラス
数値目標など表面的な取り組みが先行することにむしろ疑問を感じる	思う	思う	ない	その他	41	主任／係長クラス
一部の大企業では取り組みが進むと思うが、女性が活躍しづらい社会の本質は変わらない	思わない	わからない	ある（男性の方が優遇されている）		41	その他
数値目標など表面的な取り組みが先行することにむしろ疑問を感じる	思わない	わからない	ある（男性の方が優遇されている）	単身赴任などで互いのキャリアを優先する	30	一般社員
数値目標など表面的な取り組みが先行することにむしろ疑問を感じる	思う	思わない	ある（男性の方が優遇されている）	単身赴任などで互いのキャリアを優先する	35	一般社員
一部の大企業では取り組みが進むと思うが、女性が活躍しづらい社会の本質は変わらない	思わない	わからない	ない	家族が一緒にいることを選び、どちらかがキャリアをあきらめることも	34	
女性が活躍できる社会の実現を大いに期待できる	思う	思わない	ある（男性の方が優遇されている）		34	一般社員
女性を積極的に登用する取り組みがかえって日本経済の生産性を下げると感じる	思わない	わからない	ある（男性の方が優遇されている）		26	一般社員
一部の大企業では取り組みが進むと思うが、女性が活躍しづらい社会の本質は変わらない	思わない	わからない	ない	家族が一緒にいることを選び、どちらかがキャリアをあきらめることも	33	主任／係長クラス
女性が活躍できる社会に少しずつ変わっていくと感じている	思う	思わない	ある（男性の方が優遇されている）	家族が一緒にいることを選び、どちらかがキャリアをあきらめることも	37	一般社員
数値目標など表面的な取り組みが先行することにむしろ疑問を感じる	思う	思わない	ある（男性の方が優遇されている）		48	主任／係長クラス
数値目標など表面的な取り組みが先行することにむしろ疑問を感じる	思わない	思わない	わからない	家族が一緒にいることを選び、どちらかがキャリアをあきらめることも	32	一般社員
一部の大企業では取り組みが進むと思うが、女性が活躍しづらい社会の本質は変わらない	思う	思わない	ある（男性の方が優遇されている）	家族が一緒にいることを選び、どちらかがキャリアをあきらめることも	36	一般社員
女性が活躍できる社会に少しずつ変わっていくと感じている	思わない	思う	ない	単身赴任などで互いのキャリアを優先する	39	一般社員
一部の大企業では取り組みが進むと思うが、女性が活躍しづらい社会の本質は変わらない	思う	思う	わからない	単身赴任などで互いのキャリアを優先する	46	課長クラス
その他	思わない	わからない	わからない		36	契約社員
数値目標など表面的な取り組みが先行することにむしろ疑問を感じる	思う	思わない	ある（男性の方が優遇されている）	家族が一緒にいることを選び、どちらかがキャリアをあきらめることも	33	主任／係長クラス
数値目標など表面的な取り組みが先行することにむしろ疑問を感じる	思う	わからない	ある（男性の方が優遇されている）	家族が一緒にいることを選び、どちらかがキャリアをあきらめることも	37	一般社員
女性が活躍できる社会に少しずつ変わっていくと感じている	思わない	思う	ない	単身赴任などで互いのキャリアを優先する	36	一般社員
女性が活躍できる社会に少しずつ変わっていくと感じている	思う	思う	ない	家族が一緒にいることを選び、どちらかがキャリアをあきらめることも	34	主任／係長クラス
女性が活躍できる社会に少しずつ変わっていくと感じている	思わない	思わない	ある（男性の方が優遇されている）	家族が一緒にいることを選び、どちらかがキャリアをあきらめることも	48	
一部の大企業では取り組みが進むと思うが、女性が活躍しづらい社会の本質は変わらない	思う	思わない	ない	単身赴任などで互いのキャリアを優先する	32	主任／係長クラス
女性が活躍できる社会に少しずつ変わっていくと感じている	思う	思わない	ある（男性の方が優遇されている）	家族が一緒にいることを選び、どちらかがキャリアをあきらめることも	39	一般社員
数値目標など表面的な取り組みが先行することにむしろ疑問を感じる	思わない	思わない	ある（男性の方が優遇されている）	家族が一緒にいることを選び、どちらかがキャリアをあきらめることも	34	
数値目標など表面的な取り組みが先行することにむしろ疑問を感じる	思わない	思わない	ある（男性の方が優遇されている）	家族が一緒にいることを選び、どちらかがキャリアをあきらめることも	46	一般社員
一部の大企業では取り組みが進むと思うが、女性が活躍しづらい社会の本質は変わらない	思う	思う	ある（男性の方が優遇されている）	単身赴任などで互いのキャリアを優先する	33	一般社員
一部の大企業では取り組みが進むと思うが、女性が活躍しづらい社会の本質は変わらない	思わない	わからない	ない	単身赴任などで互いのキャリアを優先する	39	一般社員
一部の大企業では取り組みが進むと思うが、女性が活躍しづらい社会の本質は変わらない	思う	わからない	ある（男性の方が優遇されている）	家族が一緒にいることを選び、どちらかがキャリアをあきらめることも	39	一般社員
女性が活躍できる社会に少しずつ変わっていくと感じている	思わない	わからない	わからない	家族が一緒にいることを選び、どちらかがキャリアをあきらめることも	49	役員クラス
数値目標など表面的な取り組みが先行することにむしろ疑問を感じる	思う	思わない	ある（男性の方が優遇されている）	家族が一緒にいることを選び、どちらかがキャリアをあきらめることも	40	一般社員
数値目標など表面的な取り組みが先行することにむしろ疑問を感じる	思わない	わからない	ある（男性の方が優遇されている）		49	課長クラス
数値目標など表面的な取り組みが先行することにむしろ疑問を感じる	思わない	わからない	ない	単身赴任などで互いのキャリアを優先する	32	
数値目標など表面的な取り組みが先行することにむしろ疑問を感じる	思わない	わからない	ある（女性の方が優遇されている）	家族が一緒にいることを選び、どちらかがキャリアをあきらめることも	37	主任／係長クラス
一部の大企業では取り組みが進むと思うが、女性が活躍しづらい社会の本質は変わらない	思わない	思わない	ある（男性の方が優遇されている）	単身赴任などで互いのキャリアを優先する	42	一般社員
数値目標など表面的な取り組みが先行することにむしろ疑問を感じる	思わない	わからない	ある（男性の方が優遇されている）	家族が一緒にいることを選び、どちらかがキャリアをあきらめることも	55	一般社員
一部の大企業では取り組みが進むと思うが、女性が活躍しづらい社会の本質は変わらない	思わない	わからない	ある（女性の方が優遇されている）		27	一般社員
数値目標など表面的な取り組みが先行することにむしろ疑問を感じる	思わない	思う	ある（男性の方が優遇されている）	単身赴任などで互いのキャリアを優先する	35	派遣社員
数値目標など表面的な取り組みが先行することにむしろ疑問を感じる	思わない	わからない	ある（男性の方が優遇されている）	単身赴任などで互いのキャリアを優先する	32	一般社員
一部の大企業では取り組みが進むと思うが、女性が活躍しづらい社会の本質は変わらない	思わない	思わない	ある（男性の方が優遇されている）		48	主任／係長クラス
一部の大企業では取り組みが進むと思うが、女性が活躍しづらい社会の本質は変わらない	思わない	思わない	ない		29	一般社員
女性が活躍できる社会に少しずつ変わっていくと感じている	思う	わからない	わからない	家族が一緒にいることを選び、どちらかがキャリアをあきらめることも	27	一般社員
一部の大企業では取り組みが進むと思うが、女性が活躍しづらい社会の本質は変わらない	思わない	思う	ある（男性の方が優遇されている）	単身赴任などで互いのキャリアを優先する	38	主任／係長クラス
女性が活躍できる社会に少しずつ変わっていくと感じている	思う	思わない	ある（男性の方が優遇されている）	単身赴任などで互いのキャリアを優先する	64	その他
一部の大企業では取り組みが進むと思うが、女性が活躍しづらい社会の本質は変わらない	思う	わからない	わからない		33	一般社員
女性が活躍できる社会に少しずつ変わっていくと感じている	思わない	わからない	ない	家族が一緒にいることを選び、どちらかがキャリアをあきらめることも	40	一般社員
専業主婦のような生き方の選択肢を狭めてしまう可能性がある	既に管理職についている	わからない	わからない	単身赴任などで互いのキャリアを優先する	47	課長クラス
女性が活躍できる社会に少しずつ変わっていくと感じている	思う	思わない	ある（男性の方が優遇されている）	家族が一緒にいることを選び、どちらかがキャリアをあきらめることも	28	一般社員
数値目標など表面的な取り組みが先行することにむしろ疑問を感じる	既に管理職についている	思わない	ある（男性の方が優遇されている）	単身赴任などで互いのキャリアを優先する	54	課長クラス
女性が活躍できる社会に少しずつ変わっていくと感じている	思わない	わからない	ある（男性の方が優遇されている）		31	一般社員
数値目標など表面的な取り組みが先行することにむしろ疑問を感じる	既に管理職についている	わからない	ない	単身赴任などで互いのキャリアを優先する	51	役員クラス
女性が活躍できる社会に少しずつ変わっていくと感じている	思わない	思わない	わからない	家族が一緒にいることを選び、どちらかがキャリアをあきらめることも	30	一般社員
女性が活躍できる社会に少しずつ変わっていくと感じている	思わない	思う	ない		52	その他
女性が活躍できる社会に少しずつ変わっていくと感じている	思わない	思う	ない	家族が一緒にいることを選び、どちらかがキャリアをあきらめることも	41	主任／係長クラス
女性が活躍できる社会に少しずつ変わっていくと感じている	既に管理職についている	わからない	ある（男性の方が優遇されている）		31	課長クラス
一部の大企業では取り組みが進むと思うが、女性が活躍しづらい社会の本質は変わらない	既に管理職についている	思わない	ある（男性の方が優遇されている）	その他	34	主任／係長クラス
一部の大企業では取り組みが進むと思うが、女性が活躍しづらい社会の本質は変わらない	思う	思わない	ある（男性の方が優遇されている）		42	一般社員
その他	思う	思う	わからない	その他	32	一般社員
数値目標など表面的な取り組みが先行することにむしろ疑問を感じる	思わない	思う	ない		25	一般社員
数値目標など表面的な取り組みが先行することにむしろ疑問を感じる	思う	思う	ある（男性の方が優遇されている）		27	契約社員
一部の大企業では取り組みが進むと思うが、女性が活躍しづらい社会の本質は変わらない	思う	わからない	ある（男性の方が優遇されている）	単身赴任などで互いのキャリアを優先する	31	主任／係長クラス
数値目標など表面的な取り組みが先行することにむしろ疑問を感じる	思う	わからない	ある（男性の方が優遇されている）	家族が一緒にいることを選び、どちらかがキャリアをあきらめることも	35	一般社員
女性が活躍できる社会に少しずつ変わっていくと感じている	思う	思う	ある（男性の方が優遇されている）	家族が一緒にいることを選び、どちらかがキャリアをあきらめることも	36	一般社員
一部の大企業では取り組みが進むと思うが、女性が活躍しづらい社会の本質は変わらない	思う	わからない	ある（男性の方が優遇されている）	単身赴任などで互いのキャリアを優先する	33	主任／係長クラス
数値目標など表面的な取り組みが先行することにむしろ疑問を感じる	思う	わからない	ある（男性の方が優遇されている）	その他	40	主任／係長クラス
一部の大企業では取り組みが進むと思うが、女性が活躍しづらい社会の本質は変わらない	思わない	思わない	わからない		29	一般社員
一部の大企業では取り組みが進むと思うが、女性が活躍しづらい社会の本質は変わらない	思わない	思う	ない	家族が一緒にいることを選び、どちらかがキャリアをあきらめることも	34	一般社員
女性が活躍できる社会に少しずつ変わっていくと感じている	思う	思う	ある（男性の方が優遇されている）	家族が一緒にいることを選び、どちらかがキャリアをあきらめることも	37	一般社員
女性が活躍できる社会に少しずつ変わっていくと感じている	思わない	わからない	ある（女性の方が優遇されている）	単身赴任などで互いのキャリアを優先する	28	契約社員
その他	思う	思う	わからない	その他	33	主任／係長クラス
その他	思う	思う	ない	その他	51	
女性が活躍できる社会に少しずつ変わっていくと感じている	思わない	思わない	ある（男性の方が優遇されている）		34	一般社員
一部の大企業では取り組みが進むと思うが、女性が活躍しづらい社会の本質は変わらない	既に管理職についている	思わない	ある（男性の方が優遇されている）	単身赴任などで互いのキャリアを優先する	52	その他
女性が活躍できる社会の実現を大いに期待できる	思う	思わない	ある（男性の方が優遇されている）		41	
数値目標など表面的な取り組みが先行することにむしろ疑問を感じる	思う	わからない	ある（男性の方が優遇されている）	家族が一緒にいることを選び、どちらかがキャリアをあきらめることも	31	一般社員
女性が活躍できる社会に少しずつ変わっていくと感じている	思う	わからない	ある（男性の方が優遇されている）		51	主任／係長クラス
数値目標など表面的な取り組みが先行することにむしろ疑問を感じる	思わない	思う	ない	家族が一緒にいることを選び、どちらかがキャリアをあきらめることも	36	一般社員
女性が活躍できる社会の実現を大いに期待できる	思う	思う	わからない		30	一般社員
女性が活躍できる社会に少しずつ変わっていくと感じている	思う	思わない	わからない		38	その他
女性が活躍できる社会に少しずつ変わっていくと感じている	思わない	思う	ある（男性の方が優遇されている）	家族が一緒にいることを選び、どちらかがキャリアをあきらめることも	43	主任／係長クラス
一部の大企業では取り組みが進むと思うが、女性が活躍しづらい社会の本質は変わらない	思う	思わない	ある（男性の方が優遇されている）		50	一般社員
一部の大企業では取り組みが進むと思うが、女性が活躍しづらい社会の本質は変わらない	思わない	思わない	わからない		40	一般社員
一部の大企業では取り組みが進むと思うが、女性が活躍しづらい社会の本質は変わらない	思わない	思わない	わからない	家族が一緒にいることを選び、どちらかがキャリアをあきらめることも	30	一般社員
一部の大企業では取り組みが進むと思うが、女性が活躍しづらい社会の本質は変わらない	思わない	思わない	ある（男性の方が優遇されている）	家族が一緒にいることを選び、どちらかがキャリアをあきらめることも	30	その他
一部の大企業では取り組みが進むと思うが、女性が活躍しづらい社会の本質は変わらない	思わない	思う	ない		27	主任／係長クラス
数値目標など表面的な取り組みが先行することにむしろ疑問を感じる	思わない	思わない	ある（男性の方が優遇されている）		42	一般社員
女性が活躍できる社会の実現を大いに期待できる	思わない	わからない	ある（男性の方が優遇されている）		32	一般社員
女性が活躍できる社会の実現を大いに期待できる	思わない	思わない	ある（男性の方が優遇されている）	家族が一緒にいることを選び、どちらかがキャリアをあきらめることも	45	一般社員
一部の大企業では取り組みが進むと思うが、女性が活躍しづらい社会の本質は変わらない	思わない	思う	わからない	単身赴任などで互いのキャリアを優先する	52	一般社員
一部の大企業では取り組みが進むと思うが、女性が活躍しづらい社会の本質は変わらない	思わない	わからない	わからない	家族が一緒にいることを選び、どちらかがキャリアをあきらめることも	43	その他
女性が活躍できる社会に少しずつ変わっていくと感じている	思う	思う	わからない	その他	37	一般社員
一部の大企業では取り組みが進むと思うが、女性が活躍しづらい社会の本質は変わらない	思わない	わからない	ある（男性の方が優遇されている）	家族が一緒にいることを選び、どちらかがキャリアをあきらめることも	32	
一部の大企業では取り組みが進むと思うが、女性が活躍しづらい社会の本質は変わらない	思う	わからない	ない		24	一般社員
一部の大企業では取り組みが進むと思うが、女性が活躍しづらい社会の本質は変わらない	思わない	思う	わからない		38	その他
数値目標など表面的な取り組みが先行することにむしろ疑問を感じる	思わない	わからない	ある（男性の方が優遇されている）		44	一般社員
その他	思わない	思う	ある（男性の方が優遇されている）	家族が一緒にいることを選び、どちらかがキャリアをあきらめることも	37	一般社員
女性が活躍できる社会に少しずつ変わっていくと感じている	思う	思わない	ある（男性の方が優遇されている）		38	主任／係長クラス
一部の大企業では取り組みが進むと思うが、女性が活躍しづらい社会の本質は変わらない	思わない	わからない	ある（男性の方が優遇されている）	家族が一緒にいることを選び、どちらかがキャリアをあきらめることも	34	一般社員
数値目標など表面的な取り組みが先行することにむしろ疑問を感じる	思う	わからない	ない		41	主任／係長クラス
一部の大企業では取り組みが進むと思うが、女性が活躍しづらい社会の本質は変わらない	思わない	思わない	ある（男性の方が優遇されている）	家族が一緒にいることを選び、どちらかがキャリアをあきらめることも	35	主任／係長クラス
女性が活躍できる社会に少しずつ変わっていくと感じている	既に管理職についている	思う	ある（男性の方が優遇されている）	単身赴任などで互いのキャリアを優先する	55	課長クラス
女性が活躍できる社会に少しずつ変わっていくと感じている	思わない	思わない	わからない		51	主任／係長クラス
一部の大企業では取り組みが進むと思うが、女性が活躍しづらい社会の本質は変わらない	思わない	思わない	ある（女性の方が優遇されている）		30	一般社員
一部の大企業では取り組みが進むと思うが、女性が活躍しづらい社会の本質は変わらない	思う	思わない	ない	その他	49	主任／係長クラス
女性が活躍できる社会に少しずつ変わっていくと感じている	思う	思う	ない	単身赴任などで互いのキャリアを優先する	35	主任／係長クラス
女性が活躍できる社会に少しずつ変わっていくと感じている	思わない	思う	ない	家族が一緒にいることを選び、どちらかがキャリアをあきらめることも	34	一般社員
女性が活躍できる社会に少しずつ変わっていくと感じている	既に管理職についている	思う	ない		54	本部長クラス
一部の大企業では取り組みが進むと思うが、女性が活躍しづらい社会の本質は変わらない	思わない	わからない	ある（男性の方が優遇されている）		25	一般社員
一部の大企業では取り組みが進むと思うが、女性が活躍しづらい社会の本質は変わらない	思わない	わからない	わからない	家族が一緒にいることを選び、どちらかがキャリアをあきらめることも	42	
数値目標など表面的な取り組みが先行することにむしろ疑問を感じる	思う	わからない	ない	単身赴任などで互いのキャリアを優先する	31	主任／係長クラス
女性が活躍できる社会の実現を大いに期待できる	思う	思う	ない		26	一般社員
数値目標など表面的な取り組みが先行することにむしろ疑問を感じる	思う	思わない	わからない	家族が一緒にいることを選び、どちらかがキャリアをあきらめることも	35	契約社員
女性が活躍できる社会に少しずつ変わっていくと感じている	既に管理職についている	思う	ない		52	その他
一部の大企業では取り組みが進むと思うが、女性が活躍しづらい社会の本質は変わらない	思う	思わない	ある（男性の方が優遇されている）	家族が一緒にいることを選び、どちらかがキャリアをあきらめることも	41	主任／係長クラス
女性が活躍できる社会に少しずつ変わっていくと感じている	思う	思う	ある（男性の方が優遇されている）		26	一般社員
女性が活躍できる社会の実現を大いに期待できる	思う	思わない	ある（男性の方が優遇されている）		30	
女性が活躍できる社会に少しずつ変わっていくと感じている	思う	わからない	ある（男性の方が優遇されている）		45	その他
数値目標など表面的な取り組みが先行することにむしろ疑問を感じる	思わない	思わない	ある（男性の方が優遇されている）	単身赴任などで互いのキャリアを優先する	38	その他
女性が活躍できる社会に少しずつ変わっていくと感じている	思う	思う	ある（男性の方が優遇されている）	家族が一緒にいることを選び、どちらかがキャリアをあきらめることも	32	主任／係長クラス
一部の大企業では取り組みが進むと思うが、女性が活躍しづらい社会の本質は変わらない	思わない	わからない	ない		44	契約社員
女性が活躍できる社会に少しずつ変わっていくと感じている	思う	思う	ない	家族が一緒にいることを選び、どちらかがキャリアをあきらめることも	35	一般社員
女性が活躍できる社会に少しずつ変わっていくと感じている	思う	思う	ある（男性の方が優遇されている）	単身赴任などで互いのキャリアを優先する	52	経営者
女性が活躍できる社会に少しずつ変わっていくと感じている	既に管理職についている	思わない	ない	家族が一緒にいることを選び、どちらかがキャリアをあきらめることも	38	課長クラス
女性が活躍できる社会に少しずつ変わっていくと感じている	思う	思わない	ある（男性の方が優遇されている）	単身赴任などで互いのキャリアを優先する	56	主任／係長クラス
女性が活躍できる社会に少しずつ変わっていくと感じている	思わない	思わない	ない	家族が一緒にいることを選び、どちらかがキャリアをあきらめることも	32	一般社員
専業主婦のような生き方の選択肢を狭めてしまう可能性がある	思わない	思わない	ない		37	一般社員
女性が活躍できる社会に少しずつ変わっていくと感じている	思う	わからない	ない	その他	35	主任／係長クラス
女性が活躍できる社会に少しずつ変わっていくと感じている	思う	思う	わからない		46	主任／係長クラス
女性が活躍できる社会に少しずつ変わっていくと感じている	思う	わからない	ない		38	主任／係長クラス
一部の大企業では取り組みが進むと思うが、女性が活躍しづらい社会の本質は変わらない	思う	思わない	ある（男性の方が優遇されている）	家族が一緒にいることを選び、どちらかがキャリアをあきらめることも	31	主任／係長クラス
女性が活躍できる社会の実現を大いに期待できる	思う	思わない	ある（男性の方が優遇されている）		30	一般社員
数値目標など表面的な取り組みが先行することにむしろ疑問を感じる	既に管理職についている	わからない	ある（男性の方が優遇されている）		48	課長クラス
一部の大企業では取り組みが進むと思うが、女性が活躍しづらい社会の本質は変わらない	思わない	思わない	ない		40	契約社員
数値目標など表面的な取り組みが先行することにむしろ疑問を感じる	思わない	思わない	ない	家族が一緒にいることを選び、どちらかがキャリアをあきらめることも	34	主任／係長クラス
数値目標など表面的な取り組みが先行することにむしろ疑問を感じる	既に管理職についている	思わない	ある（男性の方が優遇されている）		53	課長クラス
女性が活躍できる社会に少しずつ変わっていくと感じている	既に管理職についている	思う	ある（男性の方が優遇されている）	単身赴任などで互いのキャリアを優先する	56	課長クラス
女性が活躍できる社会に少しずつ変わっていくと感じている	既に管理職についている	思わない	ある（男性の方が優遇されている）		45	課長クラス
女性が活躍できる社会に少しずつ変わっていくと感じている	思わない	思わない	ある（男性の方が優遇されている）	家族が一緒にいることを選び、どちらかがキャリアをあきらめることも	44	契約社員
数値目標など表面的な取り組みが先行することにむしろ疑問を感じる	思わない	思う	わからない	その他	31	一般社員
数値目標など表面的な取り組みが先行することにむしろ疑問を感じる	思わない	思わない	ある（女性の方が優遇されている）	家族が一緒にいることを選び、どちらかがキャリアをあきらめることも	47	
数値目標など表面的な取り組みが先行することにむしろ疑問を感じる	思う	思わない	ない		26	一般社員
女性が活躍できる社会に少しずつ変わっていくと感じている	思う	思わない	ある（男性の方が優遇されている）		37	主任／係長クラス
女性が活躍できる社会に少しずつ変わっていくと感じている	既に管理職についている	思う	ある（女性の方が優遇されている）	家族が一緒にいることを選び、どちらかがキャリアをあきらめることも	49	課長クラス
数値目標など表面的な取り組みが先行することにむしろ疑問を感じる	思う	思わない	ある（女性の方が優遇されている）		29	一般社員
一部の大企業では取り組みが進むと思うが、女性が活躍しづらい社会の本質は変わらない	思わない	わからない	ない	単身赴任などで互いのキャリアを優先する	46	一般社員
女性が活躍できる社会に少しずつ変わっていくと感じている	思わない	思わない	ある（男性の方が優遇されている）	単身赴任などで互いのキャリアを優先する	42	主任／係長クラス
数値目標など表面的な取り組みが先行することにむしろ疑問を感じる	思わない	思わない	わからない	その他	41	
数値目標など表面的な取り組みが先行することにむしろ疑問を感じる	思わない	わからない	ない		43	一般社員
女性が活躍できる社会に少しずつ変わっていくと感じている	思う	思う	ない		31	一般社員
一部の大企業では取り組みが進むと思うが、女性が活躍しづらい社会の本質は変わらない	思う	思う	ない		21	
女性が活躍できる社会の実現を大いに期待できる	既に管理職についている	思わない	ある（男性の方が優遇されている）	単身赴任などで互いのキャリアを優先する	27	経営者
女性が活躍できる社会に少しずつ変わっていくと感じている	既に管理職についている	思わない	わからない	その他	35	主任／係長クラス
数値目標など表面的な取り組みが先行することにむしろ疑問を感じる	思わない	思う	ない	単身赴任などで互いのキャリアを優先する	27	
その他	既に管理職についている	思わない	ある（男性の方が優遇されている）		45	課長クラス
数値目標など表面的な取り組みが先行することにむしろ疑問を感じる	思う	思わない	ない		28	一般社員
数値目標など表面的な取り組みが先行することにむしろ疑問を感じる	思う	わからない	ない		25	一般社員
数値目標など表面的な取り組みが先行することにむしろ疑問を感じる	思う	思わない	わからない		22	
一部の大企業では取り組みが進むと思うが、女性が活躍しづらい社会の本質は変わらない	思わない	思わない	ない		25	一般社員
専業主婦のような生き方の選択肢を狭めてしまう可能性がある	既に管理職についている	思わない	ない	単身赴任などで互いのキャリアを優先する	51	部長クラス
一部の大企業では取り組みが進むと思うが、女性が活躍しづらい社会の本質は変わらない	思う	思う	ある（男性の方が優遇されている）	その他	45	主任／係長クラス
一部の大企業では取り組みが進むと思うが、女性が活躍しづらい社会の本質は変わらない	思わない	思わない	ある（男性の方が優遇されている）		58	一般社員
女性が活躍できる社会に少しずつ変わっていくと感じている	思う	思わない	ある（男性の方が優遇されている）	家族が一緒にいることを選び、どちらかがキャリアをあきらめることも	29	一般社員
一部の大企業では取り組みが進むと思うが、女性が活躍しづらい社会の本質は変わらない	思う	わからない	ある（男性の方が優遇されている）	家族が一緒にいることを選び、どちらかがキャリアをあきらめることも	32	契約社員
一部の大企業では取り組みが進むと思うが、女性が活躍しづらい社会の本質は変わらない	思う	思わない	わからない		34	主任／係長クラス
数値目標など表面的な取り組みが先行することにむしろ疑問を感じる	思わない	わからない	ない	家族が一緒にいることを選び、どちらかがキャリアをあきらめることも	36	主任／係長クラス
数値目標など表面的な取り組みが先行することにむしろ疑問を感じる	思う	わからない	わからない		30	一般社員
女性が活躍できる社会に少しずつ変わっていくと感じている	既に管理職についている	思わない	ある（男性の方が優遇されている）		52	部長クラス
女性が活躍できる社会に少しずつ変わっていくと感じている	思わない	わからない	ない	その他	32	一般社員
女性が活躍できる社会に少しずつ変わっていくと感じている	思う	思う	ある（男性の方が優遇されている）		40	主任／係長クラス
数値目標など表面的な取り組みが先行することにむしろ疑問を感じる	思わない	わからない	わからない	単身赴任などで互いのキャリアを優先する	34	一般社員
一部の大企業では取り組みが進むと思うが、女性が活躍しづらい社会の本質は変わらない	思わない	思わない	ない	その他	39	一般社員
一部の大企業では取り組みが進むと思うが、女性が活躍しづらい社会の本質は変わらない	既に管理職についている	思う	ある（男性の方が優遇されている）		39	部長クラス
女性が活躍できる社会の実現を大いに期待できる	思わない	思わない	ある（男性の方が優遇されている）		37	
女性が活躍できる社会に少しずつ変わっていくと感じている	思う	思う	わからない	家族が一緒にいることを選び、どちらかがキャリアをあきらめることも	27	一般社員
女性が活躍できる社会の実現を大いに期待できる	思う	わからない	ある（男性の方が優遇されている）	家族が一緒にいることを選び、どちらかがキャリアをあきらめることも	32	一般社員
数値目標など表面的な取り組みが先行することにむしろ疑問を感じる	思わない	わからない	ない	家族が一緒にいることを選び、どちらかがキャリアをあきらめることも	39	その他
一部の大企業では取り組みが進むと思うが、女性が活躍しづらい社会の本質は変わらない	思わない	わからない	ある（男性の方が優遇されている）		22	
女性が活躍できる社会に少しずつ変わっていくと感じている	思う	思わない	ある（男性の方が優遇されている）		32	一般社員
女性が活躍できる社会に少しずつ変わっていくと感じている	思う	思う	ない	単身赴任などで互いのキャリアを優先する	44	一般社員
女性が活躍できる社会に少しずつ変わっていくと感じている	既に管理職についている	思わない	ない	家族が一緒にいることを選び、どちらかがキャリアをあきらめることも	37	主任／係長クラス
専業主婦のような生き方の選択肢を狭めてしまう可能性がある	思わない	思わない	ある（男性の方が優遇されている）	家族が一緒にいることを選び、どちらかがキャリアをあきらめることも	44	一般社員
一部の大企業では取り組みが進むと思うが、女性が活躍しづらい社会の本質は変わらない	既に管理職についている	思う	ない	単身赴任などで互いのキャリアを優先する	37	主任／係長クラス
一部の大企業では取り組みが進むと思うが、女性が活躍しづらい社会の本質は変わらない	思う	思う	ある（男性の方が優遇されている）	家族が一緒にいることを選び、どちらかがキャリアをあきらめることも	40	主任／係長クラス
女性が活躍できる社会に少しずつ変わっていくと感じている	既に管理職についている	思う	ある（男性の方が優遇されている）	単身赴任などで互いのキャリアを優先する	41	課長クラス
女性が活躍できる社会に少しずつ変わっていくと感じている	思う	思わない	ある（男性の方が優遇されている）	家族が一緒にいることを選び、どちらかがキャリアをあきらめることも	41	
一部の大企業では取り組みが進むと思うが、女性が活躍しづらい社会の本質は変わらない	思わない	わからない	ある（男性の方が優遇されている）		35	一般社員
数値目標など表面的な取り組みが先行することにむしろ疑問を感じる	思わない	思わない	ある（男性の方が優遇されている）		53	
女性が活躍できる社会に少しずつ変わっていくと感じている	思う	思う	ない		29	契約社員
数値目標など表面的な取り組みが先行することにむしろ疑問を感じる	思わない	わからない	わからない		45	一般社員
数値目標など表面的な取り組みが先行することにむしろ疑問を感じる	思わない	わからない	ある（男性の方が優遇されている）	家族が一緒にいることを選び、どちらかがキャリアをあきらめることも	42	
一部の大企業では取り組みが進むと思うが、女性が活躍しづらい社会の本質は変わらない	思う	思う	わからない	家族が一緒にいることを選び、どちらかがキャリアをあきらめることも	40	一般社員
一部の大企業では取り組みが進むと思うが、女性が活躍しづらい社会の本質は変わらない	思わない	思う	ある（男性の方が優遇されている）		28	一般社員
数値目標など表面的な取り組みが先行することにむしろ疑問を感じる	思う	思わない	ない		28	一般社員
数値目標など表面的な取り組みが先行することにむしろ疑問を感じる	思わない	思う	ない	家族が一緒にいることを選び、どちらかがキャリアをあきらめることも	28	一般社員
数値目標など表面的な取り組みが先行することにむしろ疑問を感じる	思わない	思わない	ある（男性の方が優遇されている）		44	派遣社員
一部の大企業では取り組みが進むと思うが、女性が活躍しづらい社会の本質は変わらない	思う	思わない	ある（男性の方が優遇されている）		49	一般社員
数値目標など表面的な取り組みが先行することにむしろ疑問を感じる	既に管理職についている	思う	ない		43	課長クラス
一部の大企業では取り組みが進むと思うが、女性が活躍しづらい社会の本質は変わらない	思う	わからない	ある（男性の方が優遇されている）	単身赴任などで互いのキャリアを優先する	35	主任／係長クラス
女性が活躍できる社会に少しずつ変わっていくと感じている	思わない	わからない	ある（男性の方が優遇されている）	単身赴任などで互いのキャリアを優先する	48	
女性が活躍できる社会に少しずつ変わっていくと感じている	思う	思わない	ある（男性の方が優遇されている）	単身赴任などで互いのキャリアを優先する	40	主任／係長クラス
一部の大企業では取り組みが進むと思うが、女性が活躍しづらい社会の本質は変わらない	思わない	思わない	ない		29	一般社員
一部の大企業では取り組みが進むと思うが、女性が活躍しづらい社会の本質は変わらない	思う	わからない	ない	家族が一緒にいることを選び、どちらかがキャリアをあきらめることも	41	一般社員
専業主婦のような生き方の選択肢を狭めてしまう可能性がある	思わない	思わない	ある（男性の方が優遇されている）	単身赴任などで互いのキャリアを優先する	29	一般社員
専業主婦のような生き方の選択肢を狭めてしまう可能性がある	思う	わからない	ない	単身赴任などで互いのキャリアを優先する	40	契約社員
その他	既に管理職についている	思わない	ある（男性の方が優遇されている）	単身赴任などで互いのキャリアを優先する	59	課長クラス
一部の大企業では取り組みが進むと思うが、女性が活躍しづらい社会の本質は変わらない	思う	思わない	ある（男性の方が優遇されている）	単身赴任などで互いのキャリアを優先する	41	一般社員
一部の大企業では取り組みが進むと思うが、女性が活躍しづらい社会の本質は変わらない	既に管理職についている	わからない	わからない	単身赴任などで互いのキャリアを優先する	52	経営者
女性が活躍できる社会に少しずつ変わっていくと感じている	思う	わからない	ある（男性の方が優遇されている）	単身赴任などで互いのキャリアを優先する	48	主任／係長クラス
数値目標など表面的な取り組みが先行することにむしろ疑問を感じる	思わない	わからない	わからない	単身赴任などで互いのキャリアを優先する	43	その他
数値目標など表面的な取り組みが先行することにむしろ疑問を感じる	思わない	わからない	わからない	その他	30	一般社員
女性が活躍できる社会に少しずつ変わっていくと感じている	思う	思わない	ある（男性の方が優遇されている）	家族が一緒にいることを選び、どちらかがキャリアをあきらめることも	36	主任／係長クラス
女性が活躍できる社会に少しずつ変わっていくと感じている	思う	思わない	ない	単身赴任などで互いのキャリアを優先する	43	主任／係長クラス
その他	思わない	思わない	ある（男性の方が優遇されている）	単身赴任などで互いのキャリアを優先する	38	一般社員
一部の大企業では取り組みが進むと思うが、女性が活躍しづらい社会の本質は変わらない	思う	思わない	ある（男性の方が優遇されている）		26	一般社員
数値目標など表面的な取り組みが先行することにむしろ疑問を感じる	思わない	わからない	ない	その他	44	主任／係長クラス
数値目標など表面的な取り組みが先行することにむしろ疑問を感じる	思う	わからない	わからない	その他	42	一般社員
女性が活躍できる社会に少しずつ変わっていくと感じている	思う	わからない	ある（男性の方が優遇されている）	その他	38	一般社員
一部の大企業では取り組みが進むと思うが、女性が活躍しづらい社会の本質は変わらない	思わない	わからない	ない		27	一般社員
一部の大企業では取り組みが進むと思うが、女性が活躍しづらい社会の本質は変わらない	既に管理職についている	わからない	ある（男性の方が優遇されている）		40	課長クラス
一部の大企業では取り組みが進むと思うが、女性が活躍しづらい社会の本質は変わらない	思わない	思う	ない	単身赴任などで互いのキャリアを優先する	36	一般社員
一部の大企業では取り組みが進むと思うが、女性が活躍しづらい社会の本質は変わらない	思う	思わない	ある（男性の方が優遇されている）	家族が一緒にいることを選び、どちらかがキャリアをあきらめることも	39	主任／係長クラス
女性が活躍できる社会の実現を大いに期待できる	思う	思わない	ある（男性の方が優遇されている）		25	契約社員
女性が活躍できる社会に少しずつ変わっていくと感じている	思わない	思わない	ある（男性の方が優遇されている）		50	一般社員
数値目標など表面的な取り組みが先行することにむしろ疑問を感じる	思わない	思わない	ある（男性の方が優遇されている）	その他	40	一般社員
女性を積極的に登用する取り組みがかえって日本経済の生産性を下げると感じる	思う	わからない	ある（男性の方が優遇されている）	家族が一緒にいることを選び、どちらかがキャリアをあきらめることも	65	
女性が活躍できる社会の実現を大いに期待できる	思う	思わない	ある（男性の方が優遇されている）	家族が一緒にいることを選び、どちらかがキャリアをあきらめることも	39	主任／係長クラス
女性が活躍できる社会に少しずつ変わっていくと感じている	既に管理職についている	わからない	ない	家族が一緒にいることを選び、どちらかがキャリアをあきらめることも	55	経営者
一部の大企業では取り組みが進むと思うが、女性が活躍しづらい社会の本質は変わらない	既に管理職についている	思う	ない	単身赴任などで互いのキャリアを優先する	46	部長クラス
数値目標など表面的な取り組みが先行することにむしろ疑問を感じる	思わない	思う	ある（男性の方が優遇されている）	単身赴任などで互いのキャリアを優先する	39	一般社員
その他	既に管理職についている	思わない	ない		57	課長クラス
女性が活躍できる社会に少しずつ変わっていくと感じている	思わない	思わない	ある（男性の方が優遇されている）		49	派遣社員
数値目標など表面的な取り組みが先行することにむしろ疑問を感じる	思う	思わない	ある（男性の方が優遇されている）	家族が一緒にいることを選び、どちらかがキャリアをあきらめることも	49	主任／係長クラス
女性が活躍できる社会に少しずつ変わっていくと感じている	思う	思う	ある（女性の方が優遇されている）	その他	32	主任／係長クラス
一部の大企業では取り組みが進むと思うが、女性が活躍しづらい社会の本質は変わらない	思う	わからない	ある（男性の方が優遇されている）	単身赴任などで互いのキャリアを優先する	39	一般社員
一部の大企業では取り組みが進むと思うが、女性が活躍しづらい社会の本質は変わらない	既に管理職についている	思う	ない		45	課長クラス
数値目標など表面的な取り組みが先行することにむしろ疑問を感じる	思う	思わない	ない		41	主任／係長クラス
一部の大企業では取り組みが進むと思うが、女性が活躍しづらい社会の本質は変わらない	思う	思わない	ある（男性の方が優遇されている）	家族が一緒にいることを選び、どちらかがキャリアをあきらめることも	39	一般社員
その他	思わない	思う	ない	その他	38	一般社員
一部の大企業では取り組みが進むと思うが、女性が活躍しづらい社会の本質は変わらない	思わない	思わない	ある（男性の方が優遇されている）		39	一般社員
女性が活躍できる社会の実現を大いに期待できる	思う	思わない	ない	単身赴任などで互いのキャリアを優先する	30	主任／係長クラス
数値目標など表面的な取り組みが先行することにむしろ疑問を感じる	既に管理職についている	わからない	ある（男性の方が優遇されている）	単身赴任などで互いのキャリアを優先する	52	課長クラス
一部の大企業では取り組みが進むと思うが、女性が活躍しづらい社会の本質は変わらない	思わない	わからない	ない		48	契約社員
女性が活躍できる社会の実現を大いに期待できる	思わない	思わない	ある（男性の方が優遇されている）	単身赴任などで互いのキャリアを優先する	32	一般社員
一部の大企業では取り組みが進むと思うが、女性が活躍しづらい社会の本質は変わらない	既に管理職についている	わからない	ない	単身赴任などで互いのキャリアを優先する	46	役員クラス
一部の大企業では取り組みが進むと思うが、女性が活躍しづらい社会の本質は変わらない	思う	わからない	わからない		33	一般社員
一部の大企業では取り組みが進むと思うが、女性が活躍しづらい社会の本質は変わらない	思わない	思わない	ある（男性の方が優遇されている）	家族が一緒にいることを選び、どちらかがキャリアをあきらめることも	51	主任／係長クラス
専業主婦のような生き方の選択肢を狭めてしまう可能性がある	思う	思わない	ない	家族が一緒にいることを選び、どちらかがキャリアをあきらめることも	33	
一部の大企業では取り組みが進むと思うが、女性が活躍しづらい社会の本質は変わらない	思わない	わからない	ない	単身赴任などで互いのキャリアを優先する	46	主任／係長クラス
女性が活躍できる社会に少しずつ変わっていくと感じている	思う	思わない	ある（男性の方が優遇されている）	その他	45	主任／係長クラス
数値目標など表面的な取り組みが先行することにむしろ疑問を感じる	思わない	わからない	ある（男性の方が優遇されている）		37	一般社員
女性が活躍できる社会に少しずつ変わっていくと感じている	思う	思う	ある（男性の方が優遇されている）	単身赴任などで互いのキャリアを優先する	38	一般社員
一部の大企業では取り組みが進むと思うが、女性が活躍しづらい社会の本質は変わらない	既に管理職についている	わからない	ある（男性の方が優遇されている）	単身赴任などで互いのキャリアを優先する	61	経営者
数値目標など表面的な取り組みが先行することにむしろ疑問を感じる	思わない	思わない	わからない	家族が一緒にいることを選び、どちらかがキャリアをあきらめることも	40	一般社員
一部の大企業では取り組みが進むと思うが、女性が活躍しづらい社会の本質は変わらない	思う	思う	ある（男性の方が優遇されている）	家族が一緒にいることを選び、どちらかがキャリアをあきらめることも	49	経営者
女性が活躍できる社会に少しずつ変わっていくと感じている	思わない	わからない	ある（男性の方が優遇されている）	家族が一緒にいることを選び、どちらかがキャリアをあきらめることも	46	主任／係長クラス
数値目標など表面的な取り組みが先行することにむしろ疑問を感じる	思う	思わない	ある（男性の方が優遇されている）		45	一般社員
女性が活躍できる社会に少しずつ変わっていくと感じている	思わない	わからない	わからない		37	その他
女性が活躍できる社会に少しずつ変わっていくと感じている	思う	思わない	ある（男性の方が優遇されている）		28	一般社員
一部の大企業では取り組みが進むと思うが、女性が活躍しづらい社会の本質は変わらない	思わない	思わない	ない	家族が一緒にいることを選び、どちらかがキャリアをあきらめることも	33	契約社員
女性が活躍できる社会に少しずつ変わっていくと感じている	既に管理職についている	わからない	ある（男性の方が優遇されている）	その他	39	部長クラス
女性が活躍できる社会に少しずつ変わっていくと感じている	思わない	わからない	ある（男性の方が優遇されている）		44	一般社員
女性が活躍できる社会に少しずつ変わっていくと感じている	既に管理職についている	思う	わからない	単身赴任などで互いのキャリアを優先する	48	経営者
数値目標など表面的な取り組みが先行することにむしろ疑問を感じる	思わない	思わない	ある（男性の方が優遇されている）	単身赴任などで互いのキャリアを優先する	27	一般社員
一部の大企業では取り組みが進むと思うが、女性が活躍しづらい社会の本質は変わらない	思う	思う	ある（男性の方が優遇されている）		41	一般社員
一部の大企業では取り組みが進むと思うが、女性が活躍しづらい社会の本質は変わらない	思う	思わない	ある（男性の方が優遇されている）	単身赴任などで互いのキャリアを優先する	36	一般社員
その他	思う	思う	ある（男性の方が優遇されている）	単身赴任などで互いのキャリアを優先する	51	主任／係長クラス
数値目標など表面的な取り組みが先行することにむしろ疑問を感じる	思う	わからない	ない	単身赴任などで互いのキャリアを優先する	39	主任／係長クラス
専業主婦のような生き方の選択肢を狭めてしまう可能性がある	思う	思わない	ある（男性の方が優遇されている）	単身赴任などで互いのキャリアを優先する	39	一般社員
数値目標など表面的な取り組みが先行することにむしろ疑問を感じる	既に管理職についている	思わない	ない	単身赴任などで互いのキャリアを優先する	53	部長クラス
数値目標など表面的な取り組みが先行することにむしろ疑問を感じる	思う	思う	ある（男性の方が優遇されている）		39	一般社員
女性が活躍できる社会に少しずつ変わっていくと感じている	思う	思う	ある（男性の方が優遇されている）	家族が一緒にいることを選び、どちらかがキャリアをあきらめることも	33	主任／係長クラス
一部の大企業では取り組みが進むと思うが、女性が活躍しづらい社会の本質は変わらない	思わない	思わない	ある（男性の方が優遇されている）	家族が一緒にいることを選び、どちらかがキャリアをあきらめることも	38	一般社員
女性が活躍できる社会に少しずつ変わっていくと感じている	既に管理職についている	わからない	わからない		52	主任／係長クラス
その他	思う	わからない	ない	その他	43	一般社員
女性が活躍できる社会に少しずつ変わっていくと感じている	思う	思う	ある（女性の方が優遇されている）	単身赴任などで互いのキャリアを優先する	35	一般社員
一部の大企業では取り組みが進むと思うが、女性が活躍しづらい社会の本質は変わらない	思う	思わない	ある（男性の方が優遇されている）	その他	35	一般社員
女性が活躍できる社会に少しずつ変わっていくと感じている	思う	思う	ある（男性の方が優遇されている）	その他	34	一般社員
数値目標など表面的な取り組みが先行することにむしろ疑問を感じる	既に管理職についている	思わない	ある（男性の方が優遇されている）		54	一般社員
数値目標など表面的な取り組みが先行することにむしろ疑問を感じる	思わない	思う	ある（男性の方が優遇されている）	家族が一緒にいることを選び、どちらかがキャリアをあきらめることも	37	一般社員
数値目標など表面的な取り組みが先行することにむしろ疑問を感じる	思う	思わない	ある（男性の方が優遇されている）	家族が一緒にいることを選び、どちらかがキャリアをあきらめることも	34	一般社員
数値目標など表面的な取り組みが先行することにむしろ疑問を感じる	思わない	わからない	わからない	その他	43	一般社員
女性が活躍できる社会に少しずつ変わっていくと感じている	既に管理職についている	思う	ない	単身赴任などで互いのキャリアを優先する	39	役員クラス
数値目標など表面的な取り組みが先行することにむしろ疑問を感じる	思わない	わからない	わからない		24	一般社員
数値目標など表面的な取り組みが先行することにむしろ疑問を感じる	思わない	わからない	ある（男性の方が優遇されている）		42	主任／係長クラス
一部の大企業では取り組みが進むと思うが、女性が活躍しづらい社会の本質は変わらない	思う	思う	ある（男性の方が優遇されている）		41	一般社員
女性が活躍できる社会の実現を大いに期待できる	思う	わからない	ない		36	一般社員
数値目標など表面的な取り組みが先行することにむしろ疑問を感じる	既に管理職についている	思わない	ある（女性の方が優遇されている）	単身赴任などで互いのキャリアを優先する	48	主任／係長クラス
女性が活躍できる社会に少しずつ変わっていくと感じている	思う	思わない	ある（男性の方が優遇されている）		42	主任／係長クラス
一部の大企業では取り組みが進むと思うが、女性が活躍しづらい社会の本質は変わらない	思わない	わからない	ない		28	一般社員
一部の大企業では取り組みが進むと思うが、女性が活躍しづらい社会の本質は変わらない	思わない	思う	ある（男性の方が優遇されている）	家族が一緒にいることを選び、どちらかがキャリアをあきらめることも	34	一般社員
女性が活躍できる社会に少しずつ変わっていくと感じている	思う	思わない	ある（男性の方が優遇されている）	単身赴任などで互いのキャリアを優先する	43	主任／係長クラス
数値目標など表面的な取り組みが先行することにむしろ疑問を感じる	思わない	わからない	ある（男性の方が優遇されている）	単身赴任などで互いのキャリアを優先する	49	主任／係長クラス
女性が活躍できる社会に少しずつ変わっていくと感じている	既に管理職についている	わからない	ある（男性の方が優遇されている）		44	役員クラス
一部の大企業では取り組みが進むと思うが、女性が活躍しづらい社会の本質は変わらない	思う	思う	ある（男性の方が優遇されている）	その他	45	一般社員
一部の大企業では取り組みが進むと思うが、女性が活躍しづらい社会の本質は変わらない	思う	思わない	ある（男性の方が優遇されている）	単身赴任などで互いのキャリアを優先する	44	一般社員
一部の大企業では取り組みが進むと思うが、女性が活躍しづらい社会の本質は変わらない	既に管理職についている	思う	ない	単身赴任などで互いのキャリアを優先する	50	主任／係長クラス
一部の大企業では取り組みが進むと思うが、女性が活躍しづらい社会の本質は変わらない	思わない	思わない	ある（男性の方が優遇されている）	家族が一緒にいることを選び、どちらかがキャリアをあきらめることも	31	一般社員
一部の大企業では取り組みが進むと思うが、女性が活躍しづらい社会の本質は変わらない	思う	思わない	ある（男性の方が優遇されている）	家族が一緒にいることを選び、どちらかがキャリアをあきらめることも	39	一般社員
一部の大企業では取り組みが進むと思うが、女性が活躍しづらい社会の本質は変わらない	思わない	わからない	ある（男性の方が優遇されている）		21	
一部の大企業では取り組みが進むと思うが、女性が活躍しづらい社会の本質は変わらない	思う	思う	ない	単身赴任などで互いのキャリアを優先する	54	一般社員
一部の大企業では取り組みが進むと思うが、女性が活躍しづらい社会の本質は変わらない	思わない	思う	ある（男性の方が優遇されている）		34	一般社員
数値目標など表面的な取り組みが先行することにむしろ疑問を感じる	思う	わからない	ない		29	契約社員
女性が活躍できる社会に少しずつ変わっていくと感じている	思う	わからない	ない	単身赴任などで互いのキャリアを優先する	57	
一部の大企業では取り組みが進むと思うが、女性が活躍しづらい社会の本質は変わらない	思わない	思わない	ない	家族が一緒にいることを選び、どちらかがキャリアをあきらめることも	36	
女性が活躍できる社会に少しずつ変わっていくと感じている	既に管理職についている	思う	ある（男性の方が優遇されている）	家族が一緒にいることを選び、どちらかがキャリアをあきらめることも	41	その他
女性が活躍できる社会に少しずつ変わっていくと感じている	思う	思う	ある（男性の方が優遇されている）	家族が一緒にいることを選び、どちらかがキャリアをあきらめることも	35	一般社員
数値目標など表面的な取り組みが先行することにむしろ疑問を感じる	思わない	思う	ある（男性の方が優遇されている）		31	一般社員
数値目標など表面的な取り組みが先行することにむしろ疑問を感じる	既に管理職についている	思う	ある（女性の方が優遇されている）		36	部長クラス
数値目標など表面的な取り組みが先行することにむしろ疑問を感じる	思わない	思う	わからない	家族が一緒にいることを選び、どちらかがキャリアをあきらめることも	38	主任／係長クラス
一部の大企業では取り組みが進むと思うが、女性が活躍しづらい社会の本質は変わらない	思わない	思う	わからない	家族が一緒にいることを選び、どちらかがキャリアをあきらめることも	39	契約社員
女性が活躍できる社会に少しずつ変わっていくと感じている	既に管理職についている	思う	ある（女性の方が優遇されている）	単身赴任などで互いのキャリアを優先する	38	課長クラス
一部の大企業では取り組みが進むと思うが、女性が活躍しづらい社会の本質は変わらない	思わない	思わない	ない	家族が一緒にいることを選び、どちらかがキャリアをあきらめることも	37	主任／係長クラス
数値目標など表面的な取り組みが先行することにむしろ疑問を感じる	思う	思わない	ある（男性の方が優遇されている）		41	主任／係長クラス
女性が活躍できる社会の実現を大いに期待できる	思う	わからない	ない		28	一般社員
数値目標など表面的な取り組みが先行することにむしろ疑問を感じる	思わない	わからない	ある（男性の方が優遇されている）	単身赴任などで互いのキャリアを優先する	40	一般社員
一部の大企業では取り組みが進むと思うが、女性が活躍しづらい社会の本質は変わらない	思う	わからない	ない	家族が一緒にいることを選び、どちらかがキャリアをあきらめることも	31	一般社員
一部の大企業では取り組みが進むと思うが、女性が活躍しづらい社会の本質は変わらない	思わない	わからない	ない	単身赴任などで互いのキャリアを優先する	32	主任／係長クラス
一部の大企業では取り組みが進むと思うが、女性が活躍しづらい社会の本質は変わらない	思わない	思わない	わからない	単身赴任などで互いのキャリアを優先する	58	
一部の大企業では取り組みが進むと思うが、女性が活躍しづらい社会の本質は変わらない	思う	思う	わからない	家族が一緒にいることを選び、どちらかがキャリアをあきらめることも	39	一般社員
その他	思う	思わない	ある（男性の方が優遇されている）	単身赴任などで互いのキャリアを優先する	44	一般社員
一部の大企業では取り組みが進むと思うが、女性が活躍しづらい社会の本質は変わらない	思わない	わからない	ある（男性の方が優遇されている）		41	一般社員
女性が活躍できる社会に少しずつ変わっていくと感じている	思う	思う	わからない	単身赴任などで互いのキャリアを優先する	46	契約社員
女性が活躍できる社会に少しずつ変わっていくと感じている	思わない	わからない	わからない	家族が一緒にいることを選び、どちらかがキャリアをあきらめることも	43	
女性が活躍できる社会に少しずつ変わっていくと感じている	思わない	思う	わからない	家族が一緒にいることを選び、どちらかがキャリアをあきらめることも	40	契約社員
一部の大企業では取り組みが進むと思うが、女性が活躍しづらい社会の本質は変わらない	思う	思わない	ある（男性の方が優遇されている）	単身赴任などで互いのキャリアを優先する	33	一般社員
女性が活躍できる社会に少しずつ変わっていくと感じている	思う	わからない	わからない		27	その他
一部の大企業では取り組みが進むと思うが、女性が活躍しづらい社会の本質は変わらない	思わない	思わない	ある（男性の方が優遇されている）	家族が一緒にいることを選び、どちらかがキャリアをあきらめることも	52	契約社員
女性を積極的に登用する取り組みがかえって日本経済の生産性を下げると感じる	思わない	思う	ある（男性の方が優遇されている）	家族が一緒にいることを選び、どちらかがキャリアをあきらめることも	40	一般社員
女性が活躍できる社会に少しずつ変わっていくと感じている	思う	思わない	ある（男性の方が優遇されている）	家族が一緒にいることを選び、どちらかがキャリアをあきらめることも	31	一般社員
女性が活躍できる社会に少しずつ変わっていくと感じている	思わない	思う	ある（男性の方が優遇されている）	家族が一緒にいることを選び、どちらかがキャリアをあきらめることも	35	主任／係長クラス
女性が活躍できる社会に少しずつ変わっていくと感じている	思う	思う	ある（男性の方が優遇されている）		53	一般社員
数値目標など表面的な取り組みが先行することにむしろ疑問を感じる	思う	思わない	ない		28	一般社員
女性が活躍できる社会に少しずつ変わっていくと感じている	思う	思わない	ある（男性の方が優遇されている）	家族が一緒にいることを選び、どちらかがキャリアをあきらめることも	42	主任／係長クラス
一部の大企業では取り組みが進むと思うが、女性が活躍しづらい社会の本質は変わらない	既に管理職についている	わからない	ある（男性の方が優遇されている）		47	課長クラス
一部の大企業では取り組みが進むと思うが、女性が活躍しづらい社会の本質は変わらない	思わない	思わない	ある（男性の方が優遇されている）	家族が一緒にいることを選び、どちらかがキャリアをあきらめることも	38	一般社員
数値目標など表面的な取り組みが先行することにむしろ疑問を感じる	思わない	わからない	ある（男性の方が優遇されている）	家族が一緒にいることを選び、どちらかがキャリアをあきらめることも	47	一般社員
数値目標など表面的な取り組みが先行することにむしろ疑問を感じる	思う	思わない	ある（男性の方が優遇されている）	単身赴任などで互いのキャリアを優先する	55	主任／係長クラス
一部の大企業では取り組みが進むと思うが、女性が活躍しづらい社会の本質は変わらない	既に管理職についている	わからない	ある（男性の方が優遇されている）		40	経営者
女性が活躍できる社会に少しずつ変わっていくと感じている	思わない	わからない	わからない		39	契約社員
女性が活躍できる社会の実現を大いに期待できる	思う	思わない	ない	単身赴任などで互いのキャリアを優先する	38	契約社員
数値目標など表面的な取り組みが先行することにむしろ疑問を感じる	思わない	わからない	ある（男性の方が優遇されている）	単身赴任などで互いのキャリアを優先する	49	一般社員
一部の大企業では取り組みが進むと思うが、女性が活躍しづらい社会の本質は変わらない	思わない	思う	ある（女性の方が優遇されている）	単身赴任などで互いのキャリアを優先する	27	一般社員
女性が活躍できる社会に少しずつ変わっていくと感じている	思う	思う	ある（男性の方が優遇されている）		51	一般社員
一部の大企業では取り組みが進むと思うが、女性が活躍しづらい社会の本質は変わらない	思わない	わからない	ある（女性の方が優遇されている）	単身赴任などで互いのキャリアを優先する	35	主任／係長クラス
女性が活躍できる社会に少しずつ変わっていくと感じている	既に管理職についている	思う	ある（女性の方が優遇されている）	家族が一緒にいることを選び、どちらかがキャリアをあきらめることも	33	部長クラス
女性が活躍できる社会の実現を大いに期待できる	思う	思わない	ある（男性の方が優遇されている）		44	一般社員
一部の大企業では取り組みが進むと思うが、女性が活躍しづらい社会の本質は変わらない	思う	わからない	ある（男性の方が優遇されている）	家族が一緒にいることを選び、どちらかがキャリアをあきらめることも	32	一般社員
一部の大企業では取り組みが進むと思うが、女性が活躍しづらい社会の本質は変わらない	既に管理職についている	思う	ない	家族が一緒にいることを選び、どちらかがキャリアをあきらめることも	41	経営者
一部の大企業では取り組みが進むと思うが、女性が活躍しづらい社会の本質は変わらない	思う	思う	ある（男性の方が優遇されている）	単身赴任などで互いのキャリアを優先する	35	一般社員
数値目標など表面的な取り組みが先行することにむしろ疑問を感じる	思わない	思う	わからない		46	一般社員
一部の大企業では取り組みが進むと思うが、女性が活躍しづらい社会の本質は変わらない	思わない	思わない	ある（男性の方が優遇されている）		47	一般社員
数値目標など表面的な取り組みが先行することにむしろ疑問を感じる	思わない	思う	ない	家族が一緒にいることを選び、どちらかがキャリアをあきらめることも	37	一般社員
女性が活躍できる社会に少しずつ変わっていくと感じている	思う	思う	ある（女性の方が優遇されている）	家族が一緒にいることを選び、どちらかがキャリアをあきらめることも	34	一般社員
一部の大企業では取り組みが進むと思うが、女性が活躍しづらい社会の本質は変わらない	思う	思う	ある（男性の方が優遇されている）	その他	35	一般社員
女性が活躍できる社会に少しずつ変わっていくと感じている	思う	思う	ない		38	一般社員
数値目標など表面的な取り組みが先行することにむしろ疑問を感じる	思う	思わない	ある（男性の方が優遇されている）	家族が一緒にいることを選び、どちらかがキャリアをあきらめることも	33	契約社員
数値目標など表面的な取り組みが先行することにむしろ疑問を感じる	思う	思う	ある（男性の方が優遇されている）	家族が一緒にいることを選び、どちらかがキャリアをあきらめることも	44	派遣社員
女性が活躍できる社会に少しずつ変わっていくと感じている	既に管理職についている	思わない	わからない	家族が一緒にいることを選び、どちらかがキャリアをあきらめることも	47	主任／係長クラス
一部の大企業では取り組みが進むと思うが、女性が活躍しづらい社会の本質は変わらない	思う	思う	ない		23	一般社員
一部の大企業では取り組みが進むと思うが、女性が活躍しづらい社会の本質は変わらない	思う	思わない	ある（男性の方が優遇されている）	その他	43	主任／係長クラス
女性が活躍できる社会の実現を大いに期待できる	既に管理職についている	わからない	ない		52	部長クラス
女性が活躍できる社会に少しずつ変わっていくと感じている	思わない	わからない	ある（男性の方が優遇されている）		43	主任／係長クラス
一部の大企業では取り組みが進むと思うが、女性が活躍しづらい社会の本質は変わらない	思う	思わない	わからない		46	派遣社員
その他	既に管理職についている	わからない	わからない	その他	48	その他
女性が活躍できる社会に少しずつ変わっていくと感じている	思う	思う	ある（男性の方が優遇されている）	その他	42	一般社員
数値目標など表面的な取り組みが先行することにむしろ疑問を感じる	思わない	思わない	ある（男性の方が優遇されている）		46	一般社員
数値目標など表面的な取り組みが先行することにむしろ疑問を感じる	思う	思う	ない		47	一般社員
女性が活躍できる社会に少しずつ変わっていくと感じている	既に管理職についている	思う	ある（男性の方が優遇されている）	単身赴任などで互いのキャリアを優先する	56	経営者
一部の大企業では取り組みが進むと思うが、女性が活躍しづらい社会の本質は変わらない	思う	思わない	わからない		43	契約社員
専業主婦のような生き方の選択肢を狭めてしまう可能性がある	思わない	わからない	ない	家族が一緒にいることを選び、どちらかがキャリアをあきらめることも	30	
一部の大企業では取り組みが進むと思うが、女性が活躍しづらい社会の本質は変わらない	思う	思わない	ある（男性の方が優遇されている）	家族が一緒にいることを選び、どちらかがキャリアをあきらめることも	43	課長クラス
女性が活躍できる社会に少しずつ変わっていくと感じている	思う	思う	ある（男性の方が優遇されている）	単身赴任などで互いのキャリアを優先する	36	契約社員
一部の大企業では取り組みが進むと思うが、女性が活躍しづらい社会の本質は変わらない	思う	わからない	ある（男性の方が優遇されている）		30	一般社員
女性が活躍できる社会に少しずつ変わっていくと感じている	既に管理職についている	思わない	ある（男性の方が優遇されている）	単身赴任などで互いのキャリアを優先する	55	課長クラス
数値目標など表面的な取り組みが先行することにむしろ疑問を感じる	既に管理職についている	思う	ある（男性の方が優遇されている）		56	課長クラス
女性が活躍できる社会に少しずつ変わっていくと感じている	思う	わからない	ない		38	一般社員
女性が活躍できる社会の実現を大いに期待できる	思う	思う	ない	単身赴任などで互いのキャリアを優先する	47	一般社員
女性が活躍できる社会の実現を大いに期待できる	思う	思う	ない	単身赴任などで互いのキャリアを優先する	47	一般社員
数値目標など表面的な取り組みが先行することにむしろ疑問を感じる	思う	わからない	ある（男性の方が優遇されている）	その他	42	主任／係長クラス
女性が活躍できる社会に少しずつ変わっていくと感じている	思う	思わない	ある（男性の方が優遇されている）	家族が一緒にいることを選び、どちらかがキャリアをあきらめることも	41	主任／係長クラス
女性が活躍できる社会に少しずつ変わっていくと感じている	思う	思わない	ある（男性の方が優遇されている）	単身赴任などで互いのキャリアを優先する	34	主任／係長クラス
女性が活躍できる社会に少しずつ変わっていくと感じている	思わない	思う	ある（男性の方が優遇されている）	家族が一緒にいることを選び、どちらかがキャリアをあきらめることも	36	一般社員
女性が活躍できる社会に少しずつ変わっていくと感じている	思う	思う	ない	単身赴任などで互いのキャリアを優先する	30	一般社員
女性が活躍できる社会に少しずつ変わっていくと感じている	思う	わからない	ない	単身赴任などで互いのキャリアを優先する	46	役員クラス
女性が活躍できる社会に少しずつ変わっていくと感じている	思う	思わない	ある（男性の方が優遇されている）	単身赴任などで互いのキャリアを優先する	42	主任／係長クラス
女性が活躍できる社会に少しずつ変わっていくと感じている	思う	思う	ある（男性の方が優遇されている）	家族が一緒にいることを選び、どちらかがキャリアをあきらめることも	39	主任／係長クラス
一部の大企業では取り組みが進むと思うが、女性が活躍しづらい社会の本質は変わらない	思う	思わない	ない	家族が一緒にいることを選び、どちらかがキャリアをあきらめることも	41	一般社員
一部の大企業では取り組みが進むと思うが、女性が活躍しづらい社会の本質は変わらない	思わない	思う	ある（男性の方が優遇されている）	家族が一緒にいることを選び、どちらかがキャリアをあきらめることも	30	契約社員
一部の大企業では取り組みが進むと思うが、女性が活躍しづらい社会の本質は変わらない	思わない	思わない	ない	その他	50	一般社員
数値目標など表面的な取り組みが先行することにむしろ疑問を感じる	既に管理職についている	わからない	ある（男性の方が優遇されている）		40	その他
数値目標など表面的な取り組みが先行することにむしろ疑問を感じる	思わない	思わない	わからない	単身赴任などで互いのキャリアを優先する	45	一般社員
数値目標など表面的な取り組みが先行することにむしろ疑問を感じる	思う	思わない	ない	単身赴任などで互いのキャリアを優先する	55	一般社員
女性が活躍できる社会に少しずつ変わっていくと感じている	既に管理職についている	思う	ない		43	課長クラス
女性が活躍できる社会に少しずつ変わっていくと感じている	思う	思わない	ある（男性の方が優遇されている）		30	主任／係長クラス
女性が活躍できる社会に少しずつ変わっていくと感じている	思う	思う	ない	家族が一緒にいることを選び、どちらかがキャリアをあきらめることも	52	役員クラス
女性が活躍できる社会に少しずつ変わっていくと感じている	思う	思わない	ない	家族が一緒にいることを選び、どちらかがキャリアをあきらめることも	41	主任／係長クラス
数値目標など表面的な取り組みが先行することにむしろ疑問を感じる	思わない	思わない	ある（男性の方が優遇されている）	家族が一緒にいることを選び、どちらかがキャリアをあきらめることも	31	一般社員
数値目標など表面的な取り組みが先行することにむしろ疑問を感じる	思う	思わない	ある（男性の方が優遇されている）	家族が一緒にいることを選び、どちらかがキャリアをあきらめることも	38	一般社員
一部の大企業では取り組みが進むと思うが、女性が活躍しづらい社会の本質は変わらない	思う	思わない	ある（男性の方が優遇されている）		35	一般社員
一部の大企業では取り組みが進むと思うが、女性が活躍しづらい社会の本質は変わらない	思わない	思う	ある（男性の方が優遇されている）		36	その他
数値目標など表面的な取り組みが先行することにむしろ疑問を感じる	思わない	わからない	ある（男性の方が優遇されている）	家族が一緒にいることを選び、どちらかがキャリアをあきらめることも	36	一般社員
一部の大企業では取り組みが進むと思うが、女性が活躍しづらい社会の本質は変わらない	思わない	思わない	ある（男性の方が優遇されている）	家族が一緒にいることを選び、どちらかがキャリアをあきらめることも	31	一般社員
一部の大企業では取り組みが進むと思うが、女性が活躍しづらい社会の本質は変わらない	思う	わからない	ある（男性の方が優遇されている）		46	一般社員
女性が活躍できる社会に少しずつ変わっていくと感じている	思う	わからない	ある（男性の方が優遇されている）	家族が一緒にいることを選び、どちらかがキャリアをあきらめることも	30	一般社員
女性が活躍できる社会に少しずつ変わっていくと感じている	思う	思う	ある（男性の方が優遇されている）	家族が一緒にいることを選び、どちらかがキャリアをあきらめることも	44	一般社員
一部の大企業では取り組みが進むと思うが、女性が活躍しづらい社会の本質は変わらない	思う	思わない	ある（男性の方が優遇されている）	家族が一緒にいることを選び、どちらかがキャリアをあきらめることも	41	主任／係長クラス
一部の大企業では取り組みが進むと思うが、女性が活躍しづらい社会の本質は変わらない	思わない	わからない	ある（男性の方が優遇されている）		28	一般社員
その他	思う	思わない	ある（男性の方が優遇されている）	家族が一緒にいることを選び、どちらかがキャリアをあきらめることも	47	主任／係長クラス
数値目標など表面的な取り組みが先行することにむしろ疑問を感じる	思う	思わない	ある（男性の方が優遇されている）	その他	40	主任／係長クラス
女性が活躍できる社会の実現を大いに期待できる	思わない	思う	ある（男性の方が優遇されている）	単身赴任などで互いのキャリアを優先する	40	主任／係長クラス
一部の大企業では取り組みが進むと思うが、女性が活躍しづらい社会の本質は変わらない	思わない	思う	わからない	家族が一緒にいることを選び、どちらかがキャリアをあきらめることも	36	契約社員
一部の大企業では取り組みが進むと思うが、女性が活躍しづらい社会の本質は変わらない	思わない	思わない	ある（男性の方が優遇されている）	その他	40	その他
女性が活躍できる社会に少しずつ変わっていくと感じている	思う	思う	ない		29	一般社員
一部の大企業では取り組みが進むと思うが、女性が活躍しづらい社会の本質は変わらない	思わない	わからない	ある（男性の方が優遇されている）		40	一般社員
一部の大企業では取り組みが進むと思うが、女性が活躍しづらい社会の本質は変わらない	思う	わからない	わからない	その他	35	主任／係長クラス
数値目標など表面的な取り組みが先行することにむしろ疑問を感じる	思わない	思う	ない	単身赴任などで互いのキャリアを優先する	47	主任／係長クラス
一部の大企業では取り組みが進むと思うが、女性が活躍しづらい社会の本質は変わらない	思わない	わからない	ある（男性の方が優遇されている）	家族が一緒にいることを選び、どちらかがキャリアをあきらめることも	36	一般社員
数値目標など表面的な取り組みが先行することにむしろ疑問を感じる	思う	思わない	ある（男性の方が優遇されている）	その他	46	一般社員
数値目標など表面的な取り組みが先行することにむしろ疑問を感じる	思わない	わからない	ある（男性の方が優遇されている）	家族が一緒にいることを選び、どちらかがキャリアをあきらめることも	39	一般社員
女性が活躍できる社会に少しずつ変わっていくと感じている	思う	思わない	ある（男性の方が優遇されている）	家族が一緒にいることを選び、どちらかがキャリアをあきらめることも	38	一般社員
女性が活躍できる社会に少しずつ変わっていくと感じている	既に管理職についている	思う	ある（男性の方が優遇されている）	家族が一緒にいることを選び、どちらかがキャリアをあきらめることも	39	一般社員
一部の大企業では取り組みが進むと思うが、女性が活躍しづらい社会の本質は変わらない	思わない	思わない	ある（男性の方が優遇されている）	家族が一緒にいることを選び、どちらかがキャリアをあきらめることも	36	一般社員
女性が活躍できる社会に少しずつ変わっていくと感じている	思う	思う	わからない	単身赴任などで互いのキャリアを優先する	31	一般社員
一部の大企業では取り組みが進むと思うが、女性が活躍しづらい社会の本質は変わらない	思う	思わない	わからない	その他	40	その他
数値目標など表面的な取り組みが先行することにむしろ疑問を感じる	思わない	思わない	ある（男性の方が優遇されている）	単身赴任などで互いのキャリアを優先する	56	主任／係長クラス
女性が活躍できる社会に少しずつ変わっていくと感じている	思う	思わない	ある（男性の方が優遇されている）	家族が一緒にいることを選び、どちらかがキャリアをあきらめることも	30	一般社員
女性が活躍できる社会の実現を大いに期待できる	思う	思わない	ない	単身赴任などで互いのキャリアを優先する	30	主任／係長クラス
一部の大企業では取り組みが進むと思うが、女性が活躍しづらい社会の本質は変わらない	思わない	わからない	ない		37	主任／係長クラス
女性が活躍できる社会の実現を大いに期待できる	思う	思わない	ある（男性の方が優遇されている）	単身赴任などで互いのキャリアを優先する	55	一般社員
一部の大企業では取り組みが進むと思うが、女性が活躍しづらい社会の本質は変わらない	思う	わからない	ある（男性の方が優遇されている）	家族が一緒にいることを選び、どちらかがキャリアをあきらめることも	36	一般社員
女性が活躍できる社会の実現を大いに期待できる	思う	思う	ある（男性の方が優遇されている）	家族が一緒にいることを選び、どちらかがキャリアをあきらめることも	31	契約社員
その他	思わない	思わない	わからない		47	一般社員
一部の大企業では取り組みが進むと思うが、女性が活躍しづらい社会の本質は変わらない	思わない	思わない	ある（男性の方が優遇されている）	家族が一緒にいることを選び、どちらかがキャリアをあきらめることも	32	一般社員
女性が活躍できる社会に少しずつ変わっていくと感じている	既に管理職についている	わからない	ない	単身赴任などで互いのキャリアを優先する	48	課長クラス
女性が活躍できる社会に少しずつ変わっていくと感じている	思う	わからない	わからない	家族が一緒にいることを選び、どちらかがキャリアをあきらめることも	30	一般社員
女性が活躍できる社会に少しずつ変わっていくと感じている	思う	思う	ない	家族が一緒にいることを選び、どちらかがキャリアをあきらめることも	30	一般社員
数値目標など表面的な取り組みが先行することにむしろ疑問を感じる	思わない	思わない	ある（男性の方が優遇されている）	家族が一緒にいることを選び、どちらかがキャリアをあきらめることも	42	一般社員
女性が活躍できる社会に少しずつ変わっていくと感じている	思う	思う	ある（男性の方が優遇されている）	家族が一緒にいることを選び、どちらかがキャリアをあきらめることも	33	一般社員
女性が活躍できる社会に少しずつ変わっていくと感じている	思う	思わない	ある（男性の方が優遇されている）	家族が一緒にいることを選び、どちらかがキャリアをあきらめることも	46	一般社員
女性が活躍できる社会に少しずつ変わっていくと感じている	思う	わからない	ない	単身赴任などで互いのキャリアを優先する	27	一般社員
専業主婦のような生き方の選択肢を狭めてしまう可能性がある	思わない	思う	ない	家族が一緒にいることを選び、どちらかがキャリアをあきらめることも	48	
女性が活躍できる社会に少しずつ変わっていくと感じている	思う	わからない	ない		23	一般社員
女性が活躍できる社会に少しずつ変わっていくと感じている	既に管理職についている	思わない	ない		36	課長クラス
一部の大企業では取り組みが進むと思うが、女性が活躍しづらい社会の本質は変わらない	思わない	わからない	ある（男性の方が優遇されている）	家族が一緒にいることを選び、どちらかがキャリアをあきらめることも	29	一般社員
女性が活躍できる社会に少しずつ変わっていくと感じている	思う	思わない	ある（男性の方が優遇されている）	家族が一緒にいることを選び、どちらかがキャリアをあきらめることも	31	一般社員
一部の大企業では取り組みが進むと思うが、女性が活躍しづらい社会の本質は変わらない	思わない	わからない	わからない		52	
女性が活躍できる社会に少しずつ変わっていくと感じている	思わない	思わない	ある（男性の方が優遇されている）	家族が一緒にいることを選び、どちらかがキャリアをあきらめることも	43	
女性が活躍できる社会に少しずつ変わっていくと感じている	思う	思わない	ある（男性の方が優遇されている）	単身赴任などで互いのキャリアを優先する	36	一般社員
女性が活躍できる社会に少しずつ変わっていくと感じている	思わない	思う	ある（男性の方が優遇されている）	その他	37	主任／係長クラス
一部の大企業では取り組みが進むと思うが、女性が活躍しづらい社会の本質は変わらない	思う	思う	ある（男性の方が優遇されている）	単身赴任などで互いのキャリアを優先する	42	主任／係長クラス
数値目標など表面的な取り組みが先行することにむしろ疑問を感じる	思う	思わない	ない	単身赴任などで互いのキャリアを優先する	24	一般社員
女性が活躍できる社会に少しずつ変わっていくと感じている	思わない	思わない	ある（男性の方が優遇されている）	単身赴任などで互いのキャリアを優先する	35	主任／係長クラス
数値目標など表面的な取り組みが先行することにむしろ疑問を感じる	既に管理職についている	わからない	ある（男性の方が優遇されている）		46	課長クラス
一部の大企業では取り組みが進むと思うが、女性が活躍しづらい社会の本質は変わらない	既に管理職についている	思う	ない	その他	36	主任／係長クラス
女性が活躍できる社会に少しずつ変わっていくと感じている	思う	思う	ある（男性の方が優遇されている）	単身赴任などで互いのキャリアを優先する	27	一般社員
女性を積極的に登用する取り組みがかえって日本経済の生産性を下げると感じる	思わない	思う	ある（女性の方が優遇されている）	家族が一緒にいることを選び、どちらかがキャリアをあきらめることも	41	
数値目標など表面的な取り組みが先行することにむしろ疑問を感じる	思わない	思う	ない	家族が一緒にいることを選び、どちらかがキャリアをあきらめることも	38	一般社員
専業主婦のような生き方の選択肢を狭めてしまう可能性がある	思わない	わからない	ない	家族が一緒にいることを選び、どちらかがキャリアをあきらめることも	45	一般社員
数値目標など表面的な取り組みが先行することにむしろ疑問を感じる	思わない	思わない	ある（男性の方が優遇されている）		30	一般社員
一部の大企業では取り組みが進むと思うが、女性が活躍しづらい社会の本質は変わらない	思わない	わからない	ある（男性の方が優遇されている）	家族が一緒にいることを選び、どちらかがキャリアをあきらめることも	36	一般社員
数値目標など表面的な取り組みが先行することにむしろ疑問を感じる	思わない	思う	わからない	その他	42	主任／係長クラス
一部の大企業では取り組みが進むと思うが、女性が活躍しづらい社会の本質は変わらない	思う	思わない	ある（女性の方が優遇されている）	家族が一緒にいることを選び、どちらかがキャリアをあきらめることも	36	主任／係長クラス
一部の大企業では取り組みが進むと思うが、女性が活躍しづらい社会の本質は変わらない	思わない	わからない	わからない	その他	29	一般社員
一部の大企業では取り組みが進むと思うが、女性が活躍しづらい社会の本質は変わらない	思わない	わからない	ある（男性の方が優遇されている）	その他	42	契約社員
数値目標など表面的な取り組みが先行することにむしろ疑問を感じる	思う	わからない	ない		23	一般社員
数値目標など表面的な取り組みが先行することにむしろ疑問を感じる	既に管理職についている	思う	ない	家族が一緒にいることを選び、どちらかがキャリアをあきらめることも	41	課長クラス
女性が活躍できる社会に少しずつ変わっていくと感じている	思う	わからない	ない		27	一般社員
女性が活躍できる社会に少しずつ変わっていくと感じている	思わない	わからない	ある（男性の方が優遇されている）	単身赴任などで互いのキャリアを優先する	44	主任／係長クラス
一部の大企業では取り組みが進むと思うが、女性が活躍しづらい社会の本質は変わらない	思う	思わない	ある（男性の方が優遇されている）	単身赴任などで互いのキャリアを優先する	53	部長クラス
女性が活躍できる社会に少しずつ変わっていくと感じている	思わない	思う	ない	その他	48	その他
女性が活躍できる社会に少しずつ変わっていくと感じている	思う	わからない	ある（男性の方が優遇されている）	単身赴任などで互いのキャリアを優先する	35	一般社員
一部の大企業では取り組みが進むと思うが、女性が活躍しづらい社会の本質は変わらない	既に管理職についている	わからない	ある（男性の方が優遇されている）	単身赴任などで互いのキャリアを優先する	50	経営者
女性が活躍できる社会に少しずつ変わっていくと感じている	思う	わからない	ない		40	一般社員
数値目標など表面的な取り組みが先行することにむしろ疑問を感じる	思う	思う	ない	その他	36	一般社員
数値目標など表面的な取り組みが先行することにむしろ疑問を感じる	思わない	思わない	ある（男性の方が優遇されている）	単身赴任などで互いのキャリアを優先する	39	主任／係長クラス
女性が活躍できる社会の実現を大いに期待できる	思う	思う	ない	単身赴任などで互いのキャリアを優先する	47	その他
数値目標など表面的な取り組みが先行することにむしろ疑問を感じる	思わない	思わない	ある（男性の方が優遇されている）	単身赴任などで互いのキャリアを優先する	28	一般社員
一部の大企業では取り組みが進むと思うが、女性が活躍しづらい社会の本質は変わらない	思う	思わない	ある（男性の方が優遇されている）	単身赴任などで互いのキャリアを優先する	32	一般社員
数値目標など表面的な取り組みが先行することにむしろ疑問を感じる	思う	思わない	ない	家族が一緒にいることを選び、どちらかがキャリアをあきらめることも	39	一般社員
一部の大企業では取り組みが進むと思うが、女性が活躍しづらい社会の本質は変わらない	思わない	わからない	わからない	家族が一緒にいることを選び、どちらかがキャリアをあきらめることも	34	一般社員
女性が活躍できる社会に少しずつ変わっていくと感じている	思う	思う	ない	家族が一緒にいることを選び、どちらかがキャリアをあきらめることも	37	課長クラス
一部の大企業では取り組みが進むと思うが、女性が活躍しづらい社会の本質は変わらない	思わない	わからない	ない		30	一般社員
数値目標など表面的な取り組みが先行することにむしろ疑問を感じる	思わない	思う	ない	家族が一緒にいることを選び、どちらかがキャリアをあきらめることも	39	
その他	思う	思う	ある（女性の方が優遇されている）	家族が一緒にいることを選び、どちらかがキャリアをあきらめることも	35	一般社員
一部の大企業では取り組みが進むと思うが、女性が活躍しづらい社会の本質は変わらない	思う	わからない	ある（男性の方が優遇されている）	家族が一緒にいることを選び、どちらかがキャリアをあきらめることも	35	一般社員
一部の大企業では取り組みが進むと思うが、女性が活躍しづらい社会の本質は変わらない	思わない	思う	ある（男性の方が優遇されている）	家族が一緒にいることを選び、どちらかがキャリアをあきらめることも	50	一般社員
女性が活躍できる社会に少しずつ変わっていくと感じている	思わない	わからない	ある（男性の方が優遇されている）	家族が一緒にいることを選び、どちらかがキャリアをあきらめることも	28	契約社員
女性が活躍できる社会に少しずつ変わっていくと感じている	思う	思わない	ない	単身赴任などで互いのキャリアを優先する	35	主任／係長クラス
一部の大企業では取り組みが進むと思うが、女性が活躍しづらい社会の本質は変わらない	思う	思わない	ある（男性の方が優遇されている）	家族が一緒にいることを選び、どちらかがキャリアをあきらめることも	29	一般社員
女性が活躍できる社会に少しずつ変わっていくと感じている	思う	わからない	ない	その他	50	主任／係長クラス
その他	思わない	思わない	ある（男性の方が優遇されている）	単身赴任などで互いのキャリアを優先する	45	主任／係長クラス
一部の大企業では取り組みが進むと思うが、女性が活躍しづらい社会の本質は変わらない	思わない	思う	ある（男性の方が優遇されている）	家族が一緒にいることを選び、どちらかがキャリアをあきらめることも	30	一般社員
一部の大企業では取り組みが進むと思うが、女性が活躍しづらい社会の本質は変わらない	思わない	わからない	ある（男性の方が優遇されている）	単身赴任などで互いのキャリアを優先する	54	
一部の大企業では取り組みが進むと思うが、女性が活躍しづらい社会の本質は変わらない	思わない	思わない	わからない		32	一般社員
女性が活躍できる社会に少しずつ変わっていくと感じている	思う	思わない	ある（男性の方が優遇されている）	家族が一緒にいることを選び、どちらかがキャリアをあきらめることも	36	主任／係長クラス
女性が活躍できる社会に少しずつ変わっていくと感じている	既に管理職についている	思わない	ない	家族が一緒にいることを選び、どちらかがキャリアをあきらめることも	40	主任／係長クラス
数値目標など表面的な取り組みが先行することにむしろ疑問を感じる	思う	思わない	ある（男性の方が優遇されている）		55	主任／係長クラス
数値目標など表面的な取り組みが先行することにむしろ疑問を感じる	思わない	わからない	ある（男性の方が優遇されている）	その他	37	一般社員
数値目標など表面的な取り組みが先行することにむしろ疑問を感じる	思わない	思う	ない	家族が一緒にいることを選び、どちらかがキャリアをあきらめることも	36	その他
女性が活躍できる社会に少しずつ変わっていくと感じている	思う	思わない	ある（男性の方が優遇されている）		45	一般社員
数値目標など表面的な取り組みが先行することにむしろ疑問を感じる	思わない	わからない	ある（男性の方が優遇されている）		60	その他
数値目標など表面的な取り組みが先行することにむしろ疑問を感じる	思う	わからない	わからない	単身赴任などで互いのキャリアを優先する	41	一般社員
女性が活躍できる社会の実現を大いに期待できる	思う	思わない	ある（男性の方が優遇されている）	単身赴任などで互いのキャリアを優先する	35	一般社員
一部の大企業では取り組みが進むと思うが、女性が活躍しづらい社会の本質は変わらない	思う	わからない	わからない	その他	37	一般社員
一部の大企業では取り組みが進むと思うが、女性が活躍しづらい社会の本質は変わらない	思わない	思う	ない	家族が一緒にいることを選び、どちらかがキャリアをあきらめることも	28	一般社員
一部の大企業では取り組みが進むと思うが、女性が活躍しづらい社会の本質は変わらない	思わない	思う	ない	その他	37	一般社員
女性が活躍できる社会に少しずつ変わっていくと感じている	思う	思わない	ある（男性の方が優遇されている）		29	一般社員
女性が活躍できる社会に少しずつ変わっていくと感じている	思わない	思わない	ある（男性の方が優遇されている）	単身赴任などで互いのキャリアを優先する	33	一般社員
女性が活躍できる社会に少しずつ変わっていくと感じている	思わない	思う	わからない		30	契約社員
専業主婦のような生き方の選択肢を狭めてしまう可能性がある	思わない	わからない	わからない		32	一般社員
女性が活躍できる社会に少しずつ変わっていくと感じている	思う	思う	ある（男性の方が優遇されている）	単身赴任などで互いのキャリアを優先する	52	主任／係長クラス
数値目標など表面的な取り組みが先行することにむしろ疑問を感じる	既に管理職についている	思う	ある（男性の方が優遇されている）	その他	44	課長クラス
一部の大企業では取り組みが進むと思うが、女性が活躍しづらい社会の本質は変わらない	思う	思わない	ある（男性の方が優遇されている）		38	一般社員
数値目標など表面的な取り組みが先行することにむしろ疑問を感じる	既に管理職についている	わからない	わからない		45	課長クラス
数値目標など表面的な取り組みが先行することにむしろ疑問を感じる	思わない	わからない	ある（男性の方が優遇されている）		44	一般社員
一部の大企業では取り組みが進むと思うが、女性が活躍しづらい社会の本質は変わらない	思わない	わからない	ある（男性の方が優遇されている）	家族が一緒にいることを選び、どちらかがキャリアをあきらめることも	46	主任／係長クラス
女性が活躍できる社会に少しずつ変わっていくと感じている	思わない	思わない	わからない	家族が一緒にいることを選び、どちらかがキャリアをあきらめることも	49	派遣社員
一部の大企業では取り組みが進むと思うが、女性が活躍しづらい社会の本質は変わらない	思わない	わからない	ない	家族が一緒にいることを選び、どちらかがキャリアをあきらめることも	46	その他
一部の大企業では取り組みが進むと思うが、女性が活躍しづらい社会の本質は変わらない	既に管理職についている	わからない	ある（男性の方が優遇されている）	家族が一緒にいることを選び、どちらかがキャリアをあきらめることも	48	課長クラス
一部の大企業では取り組みが進むと思うが、女性が活躍しづらい社会の本質は変わらない	思わない	思う	ある（男性の方が優遇されている）	家族が一緒にいることを選び、どちらかがキャリアをあきらめることも	41	一般社員
一部の大企業では取り組みが進むと思うが、女性が活躍しづらい社会の本質は変わらない	思わない	思う	ない	単身赴任などで互いのキャリアを優先する	47	主任／係長クラス
数値目標など表面的な取り組みが先行することにむしろ疑問を感じる	思わない	わからない	ある（男性の方が優遇されている）		52	主任／係長クラス
一部の大企業では取り組みが進むと思うが、女性が活躍しづらい社会の本質は変わらない	思う	思う	ない	その他	40	主任／係長クラス
一部の大企業では取り組みが進むと思うが、女性が活躍しづらい社会の本質は変わらない	思わない	思う	わからない		45	主任／係長クラス
女性が活躍できる社会に少しずつ変わっていくと感じている	既に管理職についている	思わない	ある（男性の方が優遇されている）	単身赴任などで互いのキャリアを優先する	49	課長クラス
数値目標など表面的な取り組みが先行することにむしろ疑問を感じる	思わない	思わない	ない		32	一般社員
一部の大企業では取り組みが進むと思うが、女性が活躍しづらい社会の本質は変わらない	思わない	わからない	わからない	家族が一緒にいることを選び、どちらかがキャリアをあきらめることも	31	一般社員
一部の大企業では取り組みが進むと思うが、女性が活躍しづらい社会の本質は変わらない	思う	思わない	ある（男性の方が優遇されている）		48	課長クラス
一部の大企業では取り組みが進むと思うが、女性が活躍しづらい社会の本質は変わらない	思う	思わない	ある（男性の方が優遇されている）	家族が一緒にいることを選び、どちらかがキャリアをあきらめることも	49	一般社員
数値目標など表面的な取り組みが先行することにむしろ疑問を感じる	思う	わからない	ある（男性の方が優遇されている）	その他	41	主任／係長クラス
数値目標など表面的な取り組みが先行することにむしろ疑問を感じる	既に管理職についている	思わない	ある（男性の方が優遇されている）	家族が一緒にいることを選び、どちらかがキャリアをあきらめることも	45	主任／係長クラス
数値目標など表面的な取り組みが先行することにむしろ疑問を感じる	既に管理職についている	思う	ある（男性の方が優遇されている）		42	課長クラス
数値目標など表面的な取り組みが先行することにむしろ疑問を感じる	思わない	思う	ある（男性の方が優遇されている）	家族が一緒にいることを選び、どちらかがキャリアをあきらめることも	38	一般社員
女性が活躍できる社会の実現を大いに期待できる	既に管理職についている	思わない	ある（女性の方が優遇されている）	単身赴任などで互いのキャリアを優先する	49	部長クラス
一部の大企業では取り組みが進むと思うが、女性が活躍しづらい社会の本質は変わらない	思う	思わない	ある（男性の方が優遇されている）	家族が一緒にいることを選び、どちらかがキャリアをあきらめることも	27	一般社員
一部の大企業では取り組みが進むと思うが、女性が活躍しづらい社会の本質は変わらない	思う	わからない	ない		34	一般社員
数値目標など表面的な取り組みが先行することにむしろ疑問を感じる	思わない	わからない	わからない		39	契約社員
数値目標など表面的な取り組みが先行することにむしろ疑問を感じる	既に管理職についている	思わない	ある（女性の方が優遇されている）		41	課長クラス
一部の大企業では取り組みが進むと思うが、女性が活躍しづらい社会の本質は変わらない	思わない	わからない	ある（女性の方が優遇されている）	家族が一緒にいることを選び、どちらかがキャリアをあきらめることも	43	一般社員
女性が活躍できる社会に少しずつ変わっていくと感じている	思う	思わない	ない	家族が一緒にいることを選び、どちらかがキャリアをあきらめることも	33	派遣社員
女性が活躍できる社会の実現を大いに期待できる	思う	思う	ある（男性の方が優遇されている）	家族が一緒にいることを選び、どちらかがキャリアをあきらめることも	40	課長クラス
数値目標など表面的な取り組みが先行することにむしろ疑問を感じる	既に管理職についている	思わない	ある（男性の方が優遇されている）	単身赴任などで互いのキャリアを優先する	49	課長クラス
女性が活躍できる社会に少しずつ変わっていくと感じている	思う	思わない	ある（男性の方が優遇されている）	単身赴任などで互いのキャリアを優先する	50	契約社員
一部の大企業では取り組みが進むと思うが、女性が活躍しづらい社会の本質は変わらない	思わない	思わない	ある（男性の方が優遇されている）	家族が一緒にいることを選び、どちらかがキャリアをあきらめることも	47	
女性が活躍できる社会に少しずつ変わっていくと感じている	思う	思う	ある（男性の方が優遇されている）	家族が一緒にいることを選び、どちらかがキャリアをあきらめることも	37	一般社員
数値目標など表面的な取り組みが先行することにむしろ疑問を感じる	思わない	わからない	ない	家族が一緒にいることを選び、どちらかがキャリアをあきらめることも	46	一般社員
一部の大企業では取り組みが進むと思うが、女性が活躍しづらい社会の本質は変わらない	思う	思わない	ある（男性の方が優遇されている）	家族が一緒にいることを選び、どちらかがキャリアをあきらめることも	33	主任／係長クラス
一部の大企業では取り組みが進むと思うが、女性が活躍しづらい社会の本質は変わらない	思わない	思わない	ない		44	主任／係長クラス
女性が活躍できる社会の実現を大いに期待できる	思う	思う	ない	単身赴任などで互いのキャリアを優先する	35	主任／係長クラス
女性が活躍できる社会に少しずつ変わっていくと感じている	既に管理職についている	思わない	ない		40	課長クラス
数値目標など表面的な取り組みが先行することにむしろ疑問を感じる	思う	思わない	ある（男性の方が優遇されている）		41	主任／係長クラス
一部の大企業では取り組みが進むと思うが、女性が活躍しづらい社会の本質は変わらない	思わない	わからない	ある（男性の方が優遇されている）	家族が一緒にいることを選び、どちらかがキャリアをあきらめることも	49	役員クラス
数値目標など表面的な取り組みが先行することにむしろ疑問を感じる	思う	わからない	ある（男性の方が優遇されている）	家族が一緒にいることを選び、どちらかがキャリアをあきらめることも	42	一般社員
女性が活躍できる社会に少しずつ変わっていくと感じている	思わない	わからない	ある（男性の方が優遇されている）	その他	41	一般社員
その他	既に管理職についている	思う	ある（男性の方が優遇されている）	その他	43	課長クラス
一部の大企業では取り組みが進むと思うが、女性が活躍しづらい社会の本質は変わらない	思う	思わない	ある（男性の方が優遇されている）	家族が一緒にいることを選び、どちらかがキャリアをあきらめることも	53	一般社員
一部の大企業では取り組みが進むと思うが、女性が活躍しづらい社会の本質は変わらない	思わない	思わない	ない		24	一般社員
女性が活躍できる社会に少しずつ変わっていくと感じている	思う	思う	ない		32	一般社員
一部の大企業では取り組みが進むと思うが、女性が活躍しづらい社会の本質は変わらない	既に管理職についている	わからない	ない		34	主任／係長クラス
女性が活躍できる社会に少しずつ変わっていくと感じている	既に管理職についている	思う	ない	単身赴任などで互いのキャリアを優先する	51	役員クラス
女性が活躍できる社会に少しずつ変わっていくと感じている	思わない	わからない	ある（男性の方が優遇されている）	家族が一緒にいることを選び、どちらかがキャリアをあきらめることも	44	一般社員
女性が活躍できる社会に少しずつ変わっていくと感じている	思う	思わない	ない	その他	31	課長クラス
数値目標など表面的な取り組みが先行することにむしろ疑問を感じる	思わない	わからない	ある（男性の方が優遇されている）	その他	47	主任／係長クラス
数値目標など表面的な取り組みが先行することにむしろ疑問を感じる	思う	思わない	ある（男性の方が優遇されている）		38	主任／係長クラス
女性が活躍できる社会に少しずつ変わっていくと感じている	思う	思わない	ある（男性の方が優遇されている）		36	一般社員
一部の大企業では取り組みが進むと思うが、女性が活躍しづらい社会の本質は変わらない	思わない	思う	ない	家族が一緒にいることを選び、どちらかがキャリアをあきらめることも	41	一般社員
数値目標など表面的な取り組みが先行することにむしろ疑問を感じる	思わない	わからない	ある（男性の方が優遇されている）	家族が一緒にいることを選び、どちらかがキャリアをあきらめることも	34	主任／係長クラス
その他	思わない	思わない	ない	家族が一緒にいることを選び、どちらかがキャリアをあきらめることも	42	一般社員
一部の大企業では取り組みが進むと思うが、女性が活躍しづらい社会の本質は変わらない	思う	わからない	ある（男性の方が優遇されている）		50	一般社員
一部の大企業では取り組みが進むと思うが、女性が活躍しづらい社会の本質は変わらない	思わない	わからない	ある（男性の方が優遇されている）		44	一般社員
一部の大企業では取り組みが進むと思うが、女性が活躍しづらい社会の本質は変わらない	思う	わからない	ある（女性の方が優遇されている）		30	一般社員
数値目標など表面的な取り組みが先行することにむしろ疑問を感じる	思う	思わない	ない	単身赴任などで互いのキャリアを優先する	32	一般社員
女性が活躍できる社会に少しずつ変わっていくと感じている	思わない	わからない	ない	家族が一緒にいることを選び、どちらかがキャリアをあきらめることも	33	一般社員
一部の大企業では取り組みが進むと思うが、女性が活躍しづらい社会の本質は変わらない	思わない	わからない	わからない		37	契約社員
女性が活躍できる社会に少しずつ変わっていくと感じている	思う	思う	ある（男性の方が優遇されている）	家族が一緒にいることを選び、どちらかがキャリアをあきらめることも	35	一般社員
一部の大企業では取り組みが進むと思うが、女性が活躍しづらい社会の本質は変わらない	思う	思う	ある（男性の方が優遇されている）	単身赴任などで互いのキャリアを優先する	37	課長クラス
女性が活躍できる社会に少しずつ変わっていくと感じている	思わない	思わない	ある（男性の方が優遇されている）	家族が一緒にいることを選び、どちらかがキャリアをあきらめることも	33	契約社員
女性が活躍できる社会に少しずつ変わっていくと感じている	思わない	わからない	わからない		38	その他
女性が活躍できる社会に少しずつ変わっていくと感じている	思う	思う	ない	家族が一緒にいることを選び、どちらかがキャリアをあきらめることも	33	主任／係長クラス
数値目標など表面的な取り組みが先行することにむしろ疑問を感じる	思わない	思わない	ない	単身赴任などで互いのキャリアを優先する	35	
数値目標など表面的な取り組みが先行することにむしろ疑問を感じる	思わない	わからない	わからない		28	主任／係長クラス
数値目標など表面的な取り組みが先行することにむしろ疑問を感じる	思う	思わない	ある（男性の方が優遇されている）		43	一般社員
数値目標など表面的な取り組みが先行することにむしろ疑問を感じる	思う	思わない	ある（男性の方が優遇されている）	単身赴任などで互いのキャリアを優先する	35	一般社員
数値目標など表面的な取り組みが先行することにむしろ疑問を感じる	思う	思わない	ない	単身赴任などで互いのキャリアを優先する	29	契約社員
数値目標など表面的な取り組みが先行することにむしろ疑問を感じる	思う	わからない	ある（男性の方が優遇されている）	単身赴任などで互いのキャリアを優先する	37	一般社員
女性が活躍できる社会に少しずつ変わっていくと感じている	既に管理職についている	思う	ある（女性の方が優遇されている）		40	課長クラス
一部の大企業では取り組みが進むと思うが、女性が活躍しづらい社会の本質は変わらない	思う	思わない	ある（男性の方が優遇されている）	その他	39	主任／係長クラス
一部の大企業では取り組みが進むと思うが、女性が活躍しづらい社会の本質は変わらない	思う	わからない	ある（男性の方が優遇されている）		33	主任／係長クラス
数値目標など表面的な取り組みが先行することにむしろ疑問を感じる	思う	思う	ある（男性の方が優遇されている）		55	
数値目標など表面的な取り組みが先行することにむしろ疑問を感じる	思わない	思う	ない	家族が一緒にいることを選び、どちらかがキャリアをあきらめることも	44	
女性が活躍できる社会に少しずつ変わっていくと感じている	既に管理職についている	思う	ある（男性の方が優遇されている）	その他	47	課長クラス
一部の大企業では取り組みが進むと思うが、女性が活躍しづらい社会の本質は変わらない	思う	思う	ある（女性の方が優遇されている）	単身赴任などで互いのキャリアを優先する	44	一般社員
一部の大企業では取り組みが進むと思うが、女性が活躍しづらい社会の本質は変わらない	思う	わからない	ある（女性の方が優遇されている）	家族が一緒にいることを選び、どちらかがキャリアをあきらめることも	28	
一部の大企業では取り組みが進むと思うが、女性が活躍しづらい社会の本質は変わらない	思う	思わない	ある（男性の方が優遇されている）		29	一般社員
女性が活躍できる社会に少しずつ変わっていくと感じている	思う	思わない	ない	家族が一緒にいることを選び、どちらかがキャリアをあきらめることも	38	
その他	思う	思う	ない	家族が一緒にいることを選び、どちらかがキャリアをあきらめることも	30	一般社員
女性が活躍できる社会に少しずつ変わっていくと感じている	思う	思う	ある（男性の方が優遇されている）	家族が一緒にいることを選び、どちらかがキャリアをあきらめることも	37	一般社員
数値目標など表面的な取り組みが先行することにむしろ疑問を感じる	思わない	思わない	ある（男性の方が優遇されている）	家族が一緒にいることを選び、どちらかがキャリアをあきらめることも	39	一般社員
数値目標など表面的な取り組みが先行することにむしろ疑問を感じる	思わない	わからない	ある（男性の方が優遇されている）	単身赴任などで互いのキャリアを優先する	38	一般社員
女性を積極的に登用する取り組みがかえって日本経済の生産性を下げると感じる	既に管理職についている	思う	ある（男性の方が優遇されている）	家族が一緒にいることを選び、どちらかがキャリアをあきらめることも	52	課長クラス
数値目標など表面的な取り組みが先行することにむしろ疑問を感じる	思わない	思わない	ある（男性の方が優遇されている）		44	一般社員
数値目標など表面的な取り組みが先行することにむしろ疑問を感じる	思わない	思う	ない	家族が一緒にいることを選び、どちらかがキャリアをあきらめることも	30	一般社員
一部の大企業では取り組みが進むと思うが、女性が活躍しづらい社会の本質は変わらない	思う	思わない	ある（男性の方が優遇されている）	家族が一緒にいることを選び、どちらかがキャリアをあきらめることも	39	一般社員
数値目標など表面的な取り組みが先行することにむしろ疑問を感じる	思わない	思う	ある（女性の方が優遇されている）	単身赴任などで互いのキャリアを優先する	34	一般社員
一部の大企業では取り組みが進むと思うが、女性が活躍しづらい社会の本質は変わらない	思わない	思わない	ある（男性の方が優遇されている）		37	一般社員
女性が活躍できる社会に少しずつ変わっていくと感じている	思わない	わからない	ない		43	主任／係長クラス
女性が活躍できる社会に少しずつ変わっていくと感じている	思わない	わからない	ない	家族が一緒にいることを選び、どちらかがキャリアをあきらめることも	41	一般社員
女性が活躍できる社会に少しずつ変わっていくと感じている	思う	思う	ある（男性の方が優遇されている）	家族が一緒にいることを選び、どちらかがキャリアをあきらめることも	34	一般社員
数値目標など表面的な取り組みが先行することにむしろ疑問を感じる	思わない	わからない	ある（女性の方が優遇されている）	その他	37	一般社員
女性が活躍できる社会の実現を大いに期待できる	思う	わからない	ない	単身赴任などで互いのキャリアを優先する	30	一般社員
一部の大企業では取り組みが進むと思うが、女性が活躍しづらい社会の本質は変わらない	思わない	思う	ない	その他	39	一般社員
女性が活躍できる社会の実現を大いに期待できる	既に管理職についている	思う	ない		53	課長クラス
数値目標など表面的な取り組みが先行することにむしろ疑問を感じる	既に管理職についている	思わない	わからない		51	部長クラス
一部の大企業では取り組みが進むと思うが、女性が活躍しづらい社会の本質は変わらない	既に管理職についている	思う	ある（男性の方が優遇されている）	家族が一緒にいることを選び、どちらかがキャリアをあきらめることも	40	課長クラス
女性が活躍できる社会の実現を大いに期待できる	思わない	思う	ない		25	一般社員
数値目標など表面的な取り組みが先行することにむしろ疑問を感じる	思わない	思わない	ない	単身赴任などで互いのキャリアを優先する	35	その他
専業主婦のような生き方の選択肢を狭めてしまう可能性がある	既に管理職についている	思う	ない	その他	56	経営者
女性が活躍できる社会に少しずつ変わっていくと感じている	思う	思わない	ある（男性の方が優遇されている）	単身赴任などで互いのキャリアを優先する	44	一般社員
数値目標など表面的な取り組みが先行することにむしろ疑問を感じる	思う	思わない	ある（男性の方が優遇されている）	家族が一緒にいることを選び、どちらかがキャリアをあきらめることも	29	一般社員
数値目標など表面的な取り組みが先行することにむしろ疑問を感じる	思う	わからない	ある（男性の方が優遇されている）	家族が一緒にいることを選び、どちらかがキャリアをあきらめることも	35	一般社員
一部の大企業では取り組みが進むと思うが、女性が活躍しづらい社会の本質は変わらない	既に管理職についている	わからない	ある（男性の方が優遇されている）		39	課長クラス
一部の大企業では取り組みが進むと思うが、女性が活躍しづらい社会の本質は変わらない	思う	思う	ある（男性の方が優遇されている）	家族が一緒にいることを選び、どちらかがキャリアをあきらめることも	33	一般社員
女性が活躍できる社会に少しずつ変わっていくと感じている	思う	思う	ない		41	一般社員
女性が活躍できる社会に少しずつ変わっていくと感じている	既に管理職についている	思う	ある（男性の方が優遇されている）	その他	49	役員クラス
数値目標など表面的な取り組みが先行することにむしろ疑問を感じる	思わない	思わない	ある（男性の方が優遇されている）		59	主任／係長クラス
一部の大企業では取り組みが進むと思うが、女性が活躍しづらい社会の本質は変わらない	思う	思う	ある（男性の方が優遇されている）		37	主任／係長クラス
女性が活躍できる社会に少しずつ変わっていくと感じている	思わない	思う	ない	家族が一緒にいることを選び、どちらかがキャリアをあきらめることも	34	一般社員
一部の大企業では取り組みが進むと思うが、女性が活躍しづらい社会の本質は変わらない	思わない	思わない	ある（男性の方が優遇されている）	家族が一緒にいることを選び、どちらかがキャリアをあきらめることも	41	主任／係長クラス
女性が活躍できる社会に少しずつ変わっていくと感じている	思う	思う	ない	単身赴任などで互いのキャリアを優先する	34	一般社員
一部の大企業では取り組みが進むと思うが、女性が活躍しづらい社会の本質は変わらない	思わない	わからない	ある（男性の方が優遇されている）		32	派遣社員
一部の大企業では取り組みが進むと思うが、女性が活躍しづらい社会の本質は変わらない	思う	思わない	ある（男性の方が優遇されている）	単身赴任などで互いのキャリアを優先する	36	一般社員
女性が活躍できる社会に少しずつ変わっていくと感じている	思わない	思わない	ない		59	一般社員
数値目標など表面的な取り組みが先行することにむしろ疑問を感じる	既に管理職についている	思う	わからない		41	課長クラス
一部の大企業では取り組みが進むと思うが、女性が活躍しづらい社会の本質は変わらない	既に管理職についている	思わない	ある（男性の方が優遇されている）	家族が一緒にいることを選び、どちらかがキャリアをあきらめることも	44	経営者
数値目標など表面的な取り組みが先行することにむしろ疑問を感じる	既に管理職についている	思わない	ある（男性の方が優遇されている）	家族が一緒にいることを選び、どちらかがキャリアをあきらめることも	47	課長クラス
一部の大企業では取り組みが進むと思うが、女性が活躍しづらい社会の本質は変わらない	思わない	思わない	わからない	単身赴任などで互いのキャリアを優先する	38	一般社員
数値目標など表面的な取り組みが先行することにむしろ疑問を感じる	思わない	思わない	ない		32	一般社員
一部の大企業では取り組みが進むと思うが、女性が活躍しづらい社会の本質は変わらない	思わない	思わない	ある（男性の方が優遇されている）	家族が一緒にいることを選び、どちらかがキャリアをあきらめることも	43	主任／係長クラス
一部の大企業では取り組みが進むと思うが、女性が活躍しづらい社会の本質は変わらない	思わない	思わない	わからない	家族が一緒にいることを選び、どちらかがキャリアをあきらめることも	30	一般社員
一部の大企業では取り組みが進むと思うが、女性が活躍しづらい社会の本質は変わらない	思う	思わない	ある（男性の方が優遇されている）		37	一般社員
女性が活躍できる社会に少しずつ変わっていくと感じている	思わない	思う	ない	家族が一緒にいることを選び、どちらかがキャリアをあきらめることも	38	一般社員
専業主婦のような生き方の選択肢を狭めてしまう可能性がある	既に管理職についている	わからない	ない	家族が一緒にいることを選び、どちらかがキャリアをあきらめることも	36	主任／係長クラス
一部の大企業では取り組みが進むと思うが、女性が活躍しづらい社会の本質は変わらない	思わない	思わない	ある（男性の方が優遇されている）	単身赴任などで互いのキャリアを優先する	46	主任／係長クラス
一部の大企業では取り組みが進むと思うが、女性が活躍しづらい社会の本質は変わらない	既に管理職についている	思わない	ある（男性の方が優遇されている）	単身赴任などで互いのキャリアを優先する	48	課長クラス
一部の大企業では取り組みが進むと思うが、女性が活躍しづらい社会の本質は変わらない	思わない	思わない	ある（男性の方が優遇されている）	単身赴任などで互いのキャリアを優先する	38	一般社員
専業主婦のような生き方の選択肢を狭めてしまう可能性がある	思う	思わない	ある（男性の方が優遇されている）	その他	44	主任／係長クラス
一部の大企業では取り組みが進むと思うが、女性が活躍しづらい社会の本質は変わらない	思う	思う	ある（男性の方が優遇されている）	単身赴任などで互いのキャリアを優先する	38	一般社員
一部の大企業では取り組みが進むと思うが、女性が活躍しづらい社会の本質は変わらない	既に管理職についている	思う	ない	単身赴任などで互いのキャリアを優先する	47	一般社員
一部の大企業では取り組みが進むと思うが、女性が活躍しづらい社会の本質は変わらない	既に管理職についている	わからない	ある（男性の方が優遇されている）		45	課長クラス
女性が活躍できる社会に少しずつ変わっていくと感じている	思う	思う	ある（男性の方が優遇されている）		34	一般社員
一部の大企業では取り組みが進むと思うが、女性が活躍しづらい社会の本質は変わらない	思わない	思う	わからない	家族が一緒にいることを選び、どちらかがキャリアをあきらめることも	31	一般社員
数値目標など表面的な取り組みが先行することにむしろ疑問を感じる	思わない	わからない	ある（男性の方が優遇されている）	家族が一緒にいることを選び、どちらかがキャリアをあきらめることも	38	一般社員
数値目標など表面的な取り組みが先行することにむしろ疑問を感じる	思わない	思わない	ない	その他	45	一般社員
一部の大企業では取り組みが進むと思うが、女性が活躍しづらい社会の本質は変わらない	思わない	わからない	ある（男性の方が優遇されている）		49	一般社員
数値目標など表面的な取り組みが先行することにむしろ疑問を感じる	思わない	思う	ある（男性の方が優遇されている）		52	課長クラス
数値目標など表面的な取り組みが先行することにむしろ疑問を感じる	思う	わからない	わからない		38	その他
一部の大企業では取り組みが進むと思うが、女性が活躍しづらい社会の本質は変わらない	思わない	わからない	わからない	家族が一緒にいることを選び、どちらかがキャリアをあきらめることも	33	一般社員
一部の大企業では取り組みが進むと思うが、女性が活躍しづらい社会の本質は変わらない	思わない	わからない	わからない	家族が一緒にいることを選び、どちらかがキャリアをあきらめることも	37	契約社員
一部の大企業では取り組みが進むと思うが、女性が活躍しづらい社会の本質は変わらない	思う	思わない	ある（男性の方が優遇されている）	単身赴任などで互いのキャリアを優先する	41	主任／係長クラス
数値目標など表面的な取り組みが先行することにむしろ疑問を感じる	思う	思わない	ある（男性の方が優遇されている）	家族が一緒にいることを選び、どちらかがキャリアをあきらめることも	32	一般社員
女性が活躍できる社会に少しずつ変わっていくと感じている	既に管理職についている	思う	ない	家族が一緒にいることを選び、どちらかがキャリアをあきらめることも	34	主任／係長クラス
女性が活躍できる社会に少しずつ変わっていくと感じている	思う	思わない	ある（男性の方が優遇されている）		27	一般社員
一部の大企業では取り組みが進むと思うが、女性が活躍しづらい社会の本質は変わらない	思わない	思わない	ある（男性の方が優遇されている）	家族が一緒にいることを選び、どちらかがキャリアをあきらめることも	43	一般社員
その他	思わない	思わない	わからない	家族が一緒にいることを選び、どちらかがキャリアをあきらめることも	35	一般社員
数値目標など表面的な取り組みが先行することにむしろ疑問を感じる	思う	思わない	ある（男性の方が優遇されている）	その他	54	一般社員
一部の大企業では取り組みが進むと思うが、女性が活躍しづらい社会の本質は変わらない	思わない	わからない	ない	単身赴任などで互いのキャリアを優先する	40	一般社員
女性が活躍できる社会に少しずつ変わっていくと感じている	既に管理職についている	わからない	ない	家族が一緒にいることを選び、どちらかがキャリアをあきらめることも	43	課長クラス
女性が活躍できる社会に少しずつ変わっていくと感じている	既に管理職についている	思わない	ある（男性の方が優遇されている）	単身赴任などで互いのキャリアを優先する	39	主任／係長クラス
数値目標など表面的な取り組みが先行することにむしろ疑問を感じる	思わない	わからない	わからない	その他	37	課長クラス
女性が活躍できる社会に少しずつ変わっていくと感じている	思う	わからない	ある（男性の方が優遇されている）	家族が一緒にいることを選び、どちらかがキャリアをあきらめることも	32	契約社員
一部の大企業では取り組みが進むと思うが、女性が活躍しづらい社会の本質は変わらない	思う	わからない	ある（男性の方が優遇されている）		19	
数値目標など表面的な取り組みが先行することにむしろ疑問を感じる	思う	思わない	ある（男性の方が優遇されている）		56	主任／係長クラス
一部の大企業では取り組みが進むと思うが、女性が活躍しづらい社会の本質は変わらない	思わない	思わない	ある（男性の方が優遇されている）		33	その他
女性が活躍できる社会に少しずつ変わっていくと感じている	思う	思わない	ある（男性の方が優遇されている）		42	主任／係長クラス
女性が活躍できる社会に少しずつ変わっていくと感じている	思わない	わからない	ある（男性の方が優遇されている）	家族が一緒にいることを選び、どちらかがキャリアをあきらめることも	32	一般社員
数値目標など表面的な取り組みが先行することにむしろ疑問を感じる	思わない	わからない	ある（女性の方が優遇されている）		34	一般社員
一部の大企業では取り組みが進むと思うが、女性が活躍しづらい社会の本質は変わらない	思う	思わない	ある（男性の方が優遇されている）	家族が一緒にいることを選び、どちらかがキャリアをあきらめることも	35	一般社員
一部の大企業では取り組みが進むと思うが、女性が活躍しづらい社会の本質は変わらない	思う	思わない	ある（男性の方が優遇されている）	家族が一緒にいることを選び、どちらかがキャリアをあきらめることも	33	一般社員
一部の大企業では取り組みが進むと思うが、女性が活躍しづらい社会の本質は変わらない	思わない	思う	ない	家族が一緒にいることを選び、どちらかがキャリアをあきらめることも	31	一般社員
一部の大企業では取り組みが進むと思うが、女性が活躍しづらい社会の本質は変わらない	思わない	思う	ある（男性の方が優遇されている）		66	
数値目標など表面的な取り組みが先行することにむしろ疑問を感じる	思わない	思う	ない		29	一般社員
一部の大企業では取り組みが進むと思うが、女性が活躍しづらい社会の本質は変わらない	思う	思わない	ない	家族が一緒にいることを選び、どちらかがキャリアをあきらめることも	49	一般社員
一部の大企業では取り組みが進むと思うが、女性が活躍しづらい社会の本質は変わらない	思う	思わない	ある（男性の方が優遇されている）	家族が一緒にいることを選び、どちらかがキャリアをあきらめることも	41	一般社員
一部の大企業では取り組みが進むと思うが、女性が活躍しづらい社会の本質は変わらない	思わない	わからない	わからない	単身赴任などで互いのキャリアを優先する	41	一般社員
一部の大企業では取り組みが進むと思うが、女性が活躍しづらい社会の本質は変わらない	思う	思わない	ある（男性の方が優遇されている）		45	一般社員
数値目標など表面的な取り組みが先行することにむしろ疑問を感じる	思う	思わない	ある（男性の方が優遇されている）	単身赴任などで互いのキャリアを優先する	40	一般社員
女性が活躍できる社会に少しずつ変わっていくと感じている	思う	思う	ない	家族が一緒にいることを選び、どちらかがキャリアをあきらめることも	34	一般社員
数値目標など表面的な取り組みが先行することにむしろ疑問を感じる	思わない	わからない	ない		29	一般社員
女性が活躍できる社会に少しずつ変わっていくと感じている	思う	思わない	わからない	単身赴任などで互いのキャリアを優先する	28	一般社員
女性が活躍できる社会に少しずつ変わっていくと感じている	思う	思わない	ある（男性の方が優遇されている）	家族が一緒にいることを選び、どちらかがキャリアをあきらめることも	37	一般社員
一部の大企業では取り組みが進むと思うが、女性が活躍しづらい社会の本質は変わらない	思わない	わからない	わからない		38	その他
女性が活躍できる社会の実現を大いに期待できる	思う	思わない	ある（男性の方が優遇されている）		39	一般社員
女性が活躍できる社会の実現を大いに期待できる	思う	思う	ある（男性の方が優遇されている）	家族が一緒にいることを選び、どちらかがキャリアをあきらめることも	32	一般社員
一部の大企業では取り組みが進むと思うが、女性が活躍しづらい社会の本質は変わらない	思う	思わない	ある（男性の方が優遇されている）		48	主任／係長クラス
女性が活躍できる社会に少しずつ変わっていくと感じている	思う	思う	ない	家族が一緒にいることを選び、どちらかがキャリアをあきらめることも	36	一般社員
その他	思わない	わからない	ある（男性の方が優遇されている）		46	課長クラス
数値目標など表面的な取り組みが先行することにむしろ疑問を感じる	思う	思わない	わからない		28	一般社員
女性が活躍できる社会に少しずつ変わっていくと感じている	思わない	思う	ない		26	契約社員
女性が活躍できる社会に少しずつ変わっていくと感じている	思わない	思わない	ない		34	主任／係長クラス
数値目標など表面的な取り組みが先行することにむしろ疑問を感じる	思う	思わない	ある（男性の方が優遇されている）	単身赴任などで互いのキャリアを優先する	32	一般社員
数値目標など表面的な取り組みが先行することにむしろ疑問を感じる	思わない	思わない	わからない	家族が一緒にいることを選び、どちらかがキャリアをあきらめることも	44	
その他	思う	思わない	ある（男性の方が優遇されている）		30	一般社員
女性が活躍できる社会に少しずつ変わっていくと感じている	思わない	思わない	ある（男性の方が優遇されている）	単身赴任などで互いのキャリアを優先する	45	一般社員
一部の大企業では取り組みが進むと思うが、女性が活躍しづらい社会の本質は変わらない	思わない	わからない	わからない		52	
一部の大企業では取り組みが進むと思うが、女性が活躍しづらい社会の本質は変わらない	思わない	思わない	ある（男性の方が優遇されている）	家族が一緒にいることを選び、どちらかがキャリアをあきらめることも	48	契約社員
数値目標など表面的な取り組みが先行することにむしろ疑問を感じる	既に管理職についている	思う	ある（男性の方が優遇されている）	単身赴任などで互いのキャリアを優先する	41	課長クラス
数値目標など表面的な取り組みが先行することにむしろ疑問を感じる	思わない	わからない	ない	家族が一緒にいることを選び、どちらかがキャリアをあきらめることも	32	一般社員
数値目標など表面的な取り組みが先行することにむしろ疑問を感じる	思わない	思わない	ある（女性の方が優遇されている）	家族が一緒にいることを選び、どちらかがキャリアをあきらめることも	41	一般社員
女性が活躍できる社会に少しずつ変わっていくと感じている	思う	思う	ない	単身赴任などで互いのキャリアを優先する	35	主任／係長クラス
一部の大企業では取り組みが進むと思うが、女性が活躍しづらい社会の本質は変わらない	思わない	思う	ない	単身赴任などで互いのキャリアを優先する	40	一般社員
一部の大企業では取り組みが進むと思うが、女性が活躍しづらい社会の本質は変わらない	思わない	わからない	ない		29	一般社員
女性が活躍できる社会に少しずつ変わっていくと感じている	既に管理職についている	わからない	ない		38	課長クラス
女性が活躍できる社会に少しずつ変わっていくと感じている	思わない	わからない	ない	単身赴任などで互いのキャリアを優先する	42	主任／係長クラス
数値目標など表面的な取り組みが先行することにむしろ疑問を感じる	思わない	わからない	わからない	単身赴任などで互いのキャリアを優先する	36	一般社員
女性が活躍できる社会に少しずつ変わっていくと感じている	思う	思う	ない	家族が一緒にいることを選び、どちらかがキャリアをあきらめることも	33	一般社員
一部の大企業では取り組みが進むと思うが、女性が活躍しづらい社会の本質は変わらない	思う	思う	ある（女性の方が優遇されている）	家族が一緒にいることを選び、どちらかがキャリアをあきらめることも	34	一般社員
女性が活躍できる社会に少しずつ変わっていくと感じている	思わない	思わない	ない		30	一般社員
一部の大企業では取り組みが進むと思うが、女性が活躍しづらい社会の本質は変わらない	思わない	わからない	ある（男性の方が優遇されている）	その他	36	一般社員
一部の大企業では取り組みが進むと思うが、女性が活躍しづらい社会の本質は変わらない	思う	思わない	ある（男性の方が優遇されている）	単身赴任などで互いのキャリアを優先する	35	一般社員
女性が活躍できる社会に少しずつ変わっていくと感じている	思う	思わない	ある（男性の方が優遇されている）	単身赴任などで互いのキャリアを優先する	40	主任／係長クラス
一部の大企業では取り組みが進むと思うが、女性が活躍しづらい社会の本質は変わらない	既に管理職についている	わからない	ある（男性の方が優遇されている）	家族が一緒にいることを選び、どちらかがキャリアをあきらめることも	45	課長クラス
女性が活躍できる社会に少しずつ変わっていくと感じている	思わない	思う	ない	単身赴任などで互いのキャリアを優先する	45	一般社員
女性が活躍できる社会に少しずつ変わっていくと感じている	既に管理職についている	思う	ある（男性の方が優遇されている）	単身赴任などで互いのキャリアを優先する	43	課長クラス
一部の大企業では取り組みが進むと思うが、女性が活躍しづらい社会の本質は変わらない	思わない	思わない	ある（男性の方が優遇されている）	家族が一緒にいることを選び、どちらかがキャリアをあきらめることも	44	一般社員
数値目標など表面的な取り組みが先行することにむしろ疑問を感じる	思わない	思う	ない		52	派遣社員
一部の大企業では取り組みが進むと思うが、女性が活躍しづらい社会の本質は変わらない	思わない	わからない	ない		33	一般社員
女性が活躍できる社会に少しずつ変わっていくと感じている	思わない	思わない	ない	その他	43	一般社員
女性が活躍できる社会に少しずつ変わっていくと感じている	思う	わからない	ある（女性の方が優遇されている）	家族が一緒にいることを選び、どちらかがキャリアをあきらめることも	33	主任／係長クラス
女性が活躍できる社会に少しずつ変わっていくと感じている	思わない	思わない	ある（男性の方が優遇されている）	その他	49	その他
一部の大企業では取り組みが進むと思うが、女性が活躍しづらい社会の本質は変わらない	思う	思わない	ある（男性の方が優遇されている）	家族が一緒にいることを選び、どちらかがキャリアをあきらめることも	38	主任／係長クラス
一部の大企業では取り組みが進むと思うが、女性が活躍しづらい社会の本質は変わらない	思わない	思う	ある（男性の方が優遇されている）	単身赴任などで互いのキャリアを優先する	39	一般社員
一部の大企業では取り組みが進むと思うが、女性が活躍しづらい社会の本質は変わらない	思わない	思わない	ある（男性の方が優遇されている）		36	一般社員
数値目標など表面的な取り組みが先行することにむしろ疑問を感じる	思わない	わからない	ない	家族が一緒にいることを選び、どちらかがキャリアをあきらめることも	34	一般社員
女性が活躍できる社会に少しずつ変わっていくと感じている	思う	わからない	わからない		25	一般社員
数値目標など表面的な取り組みが先行することにむしろ疑問を感じる	思わない	思う	ない	家族が一緒にいることを選び、どちらかがキャリアをあきらめることも	37	一般社員
女性が活躍できる社会に少しずつ変わっていくと感じている	既に管理職についている	思う	ない	単身赴任などで互いのキャリアを優先する	40	課長クラス
一部の大企業では取り組みが進むと思うが、女性が活躍しづらい社会の本質は変わらない	思う	わからない	わからない	家族が一緒にいることを選び、どちらかがキャリアをあきらめることも	33	一般社員
女性が活躍できる社会に少しずつ変わっていくと感じている	思わない	わからない	ある（男性の方が優遇されている）	その他	45	主任／係長クラス
一部の大企業では取り組みが進むと思うが、女性が活躍しづらい社会の本質は変わらない	思わない	思う	ある（男性の方が優遇されている）	その他	43	その他
女性が活躍できる社会に少しずつ変わっていくと感じている	思う	わからない	ない	家族が一緒にいることを選び、どちらかがキャリアをあきらめることも	24	一般社員
女性が活躍できる社会に少しずつ変わっていくと感じている	思う	わからない	わからない	その他	41	その他
女性が活躍できる社会に少しずつ変わっていくと感じている	既に管理職についている	思わない	ない	単身赴任などで互いのキャリアを優先する	36	主任／係長クラス
一部の大企業では取り組みが進むと思うが、女性が活躍しづらい社会の本質は変わらない	思わない	思わない	ない	単身赴任などで互いのキャリアを優先する	31	一般社員
数値目標など表面的な取り組みが先行することにむしろ疑問を感じる	思わない	わからない	ある（女性の方が優遇されている）		29	一般社員
一部の大企業では取り組みが進むと思うが、女性が活躍しづらい社会の本質は変わらない	思わない	思わない	ない	家族が一緒にいることを選び、どちらかがキャリアをあきらめることも	30	一般社員
女性が活躍できる社会に少しずつ変わっていくと感じている	思う	わからない	ある（男性の方が優遇されている）	家族が一緒にいることを選び、どちらかがキャリアをあきらめることも	36	一般社員
女性が活躍できる社会に少しずつ変わっていくと感じている	思う	思わない	わからない	家族が一緒にいることを選び、どちらかがキャリアをあきらめることも	35	
女性が活躍できる社会に少しずつ変わっていくと感じている	思わない	思う	ある（女性の方が優遇されている）	単身赴任などで互いのキャリアを優先する	31	一般社員
一部の大企業では取り組みが進むと思うが、女性が活躍しづらい社会の本質は変わらない	思わない	思わない	ある（男性の方が優遇されている）	家族が一緒にいることを選び、どちらかがキャリアをあきらめることも	42	主任／係長クラス
一部の大企業では取り組みが進むと思うが、女性が活躍しづらい社会の本質は変わらない	思う	思わない	ある（男性の方が優遇されている）		26	一般社員
一部の大企業では取り組みが進むと思うが、女性が活躍しづらい社会の本質は変わらない	思う	思わない	ある（男性の方が優遇されている）		43	一般社員
数値目標など表面的な取り組みが先行することにむしろ疑問を感じる	既に管理職についている	思わない	ない	家族が一緒にいることを選び、どちらかがキャリアをあきらめることも	41	課長クラス
数値目標など表面的な取り組みが先行することにむしろ疑問を感じる	思う	思う	ある（男性の方が優遇されている）		30	主任／係長クラス
女性が活躍できる社会の実現を大いに期待できる	思う	思う	ある（男性の方が優遇されている）	その他	41	主任／係長クラス
一部の大企業では取り組みが進むと思うが、女性が活躍しづらい社会の本質は変わらない	既に管理職についている	わからない	ない	その他	48	部長クラス
女性が活躍できる社会の実現を大いに期待できる	思わない	わからない	ない	家族が一緒にいることを選び、どちらかがキャリアをあきらめることも	29	一般社員
一部の大企業では取り組みが進むと思うが、女性が活躍しづらい社会の本質は変わらない	思う	思わない	ある（男性の方が優遇されている）	家族が一緒にいることを選び、どちらかがキャリアをあきらめることも	31	一般社員
女性が活躍できる社会の実現を大いに期待できる	思う	思う	ない	単身赴任などで互いのキャリアを優先する	46	課長クラス
女性が活躍できる社会に少しずつ変わっていくと感じている	思わない	思わない	ある（男性の方が優遇されている）	家族が一緒にいることを選び、どちらかがキャリアをあきらめることも	35	一般社員
女性が活躍できる社会の実現を大いに期待できる	思わない	思わない	ある（男性の方が優遇されている）	単身赴任などで互いのキャリアを優先する	37	一般社員
一部の大企業では取り組みが進むと思うが、女性が活躍しづらい社会の本質は変わらない	思う	わからない	ある（男性の方が優遇されている）	その他	31	一般社員
女性が活躍できる社会に少しずつ変わっていくと感じている	思う	思う	ない	家族が一緒にいることを選び、どちらかがキャリアをあきらめることも	38	一般社員
その他	思わない	思う	ない		37	派遣社員
女性が活躍できる社会に少しずつ変わっていくと感じている	思う	わからない	ない		35	一般社員
一部の大企業では取り組みが進むと思うが、女性が活躍しづらい社会の本質は変わらない	思う	思う	ない	その他	37	その他
一部の大企業では取り組みが進むと思うが、女性が活躍しづらい社会の本質は変わらない	思わない	思う	ある（男性の方が優遇されている）	単身赴任などで互いのキャリアを優先する	40	一般社員
女性が活躍できる社会の実現を大いに期待できる	思う	わからない	ある（男性の方が優遇されている）		26	その他
数値目標など表面的な取り組みが先行することにむしろ疑問を感じる	思う	わからない	ない		26	一般社員
一部の大企業では取り組みが進むと思うが、女性が活躍しづらい社会の本質は変わらない	既に管理職についている	思う	ない	家族が一緒にいることを選び、どちらかがキャリアをあきらめることも	44	部長クラス
一部の大企業では取り組みが進むと思うが、女性が活躍しづらい社会の本質は変わらない	思わない	わからない	ない		27	契約社員
女性が活躍できる社会に少しずつ変わっていくと感じている	思う	思う	ある（男性の方が優遇されている）		45	課長クラス
女性が活躍できる社会に少しずつ変わっていくと感じている	思わない	思わない	わからない	家族が一緒にいることを選び、どちらかがキャリアをあきらめることも	39	派遣社員
一部の大企業では取り組みが進むと思うが、女性が活躍しづらい社会の本質は変わらない	思わない	わからない	ない	家族が一緒にいることを選び、どちらかがキャリアをあきらめることも	44	主任／係長クラス
一部の大企業では取り組みが進むと思うが、女性が活躍しづらい社会の本質は変わらない	既に管理職についている	思わない	ある（男性の方が優遇されている）		42	課長クラス
数値目標など表面的な取り組みが先行することにむしろ疑問を感じる	思わない	思う	ない		27	一般社員
一部の大企業では取り組みが進むと思うが、女性が活躍しづらい社会の本質は変わらない	思わない	わからない	ない	単身赴任などで互いのキャリアを優先する	41	主任／係長クラス
女性が活躍できる社会に少しずつ変わっていくと感じている	既に管理職についている	思わない	ない	単身赴任などで互いのキャリアを優先する	44	課長クラス
専業主婦のような生き方の選択肢を狭めてしまう可能性がある	思う	思わない	ある（男性の方が優遇されている）	家族が一緒にいることを選び、どちらかがキャリアをあきらめることも	33	一般社員
女性が活躍できる社会に少しずつ変わっていくと感じている	思わない	思う	ない	家族が一緒にいることを選び、どちらかがキャリアをあきらめることも	29	一般社員
女性が活躍できる社会に少しずつ変わっていくと感じている	思う	思わない	ある（男性の方が優遇されている）	家族が一緒にいることを選び、どちらかがキャリアをあきらめることも	33	一般社員
専業主婦のような生き方の選択肢を狭めてしまう可能性がある	思わない	思わない	ある（男性の方が優遇されている）		34	一般社員
女性が活躍できる社会に少しずつ変わっていくと感じている	思わない	思わない	ない	家族が一緒にいることを選び、どちらかがキャリアをあきらめることも	32	一般社員
女性が活躍できる社会に少しずつ変わっていくと感じている	思う	思わない	ある（女性の方が優遇されている）	その他	31	一般社員
女性が活躍できる社会に少しずつ変わっていくと感じている	既に管理職についている	思わない	ある（男性の方が優遇されている）	家族が一緒にいることを選び、どちらかがキャリアをあきらめることも	47	課長クラス
女性が活躍できる社会に少しずつ変わっていくと感じている	既に管理職についている	思う	ある（男性の方が優遇されている）	家族が一緒にいることを選び、どちらかがキャリアをあきらめることも	34	役員クラス
数値目標など表面的な取り組みが先行することにむしろ疑問を感じる	思う	わからない	ある（男性の方が優遇されている）	単身赴任などで互いのキャリアを優先する	38	その他
女性が活躍できる社会に少しずつ変わっていくと感じている	思わない	思わない	ある（男性の方が優遇されている）		33	一般社員